DATE,Station,Forecasted_Temperature
01/01/2018,5,25.9
01/01/2018,1,24.8
01/01/2018,2,24.7
01/01/2018,3,22
01/01/2018,4,24.2
01/01/2018,6,25
01/01/2018,7,23.1
01/01/2018,9,25.9
01/01/2018,8,24
01/01/2018,10,23.5
01/01/2018,11,20.5
01/01/2018,12,23.4
01/01/2018,13,24.9
01/01/2018,14,24.9
01/01/2018,15,22.2
01/01/2018,16,24.3
01/01/2018,17,25.4
01/01/2018,18,23.9
01/01/2018,19,25
01/01/2018,21,24.8
01/01/2018,20,24
01/01/2018,22,24.5
01/01/2018,23,22.7
01/01/2018,24,25.2
01/01/2018,25,22.5
01/01/2018,26,24.9
01/01/2018,27,21.4
01/01/2018,28,25.2
01/01/2018,29,24
01/01/2018,31,25.7
01/01/2018,32,23.7
01/01/2018,30,21.4
01/01/2018,33,24.8
01/01/2018,34,22.8
01/01/2018,35,26.4
01/01/2019,5,28.1
01/01/2019,1,27
01/01/2019,2,27.3
01/01/2019,3,26.6
01/01/2019,4,26.9
01/01/2019,6,27.3
01/01/2019,7,25.8
01/01/2019,9,26.9
01/01/2019,8,28.2
01/01/2019,10,27.1
01/01/2019,11,25.8
01/01/2019,12,26.6
01/01/2019,13,28.2
01/01/2019,14,27.6
01/01/2019,15,25.6
01/01/2019,16,26.8
01/01/2019,17,27.6
01/01/2019,18,26.8
01/01/2019,19,26.5
01/01/2019,21,27.3
01/01/2019,20,26.9
01/01/2019,22,26.7
01/01/2019,23,26.2
01/01/2019,24,27.1
01/01/2019,25,25.4
01/01/2019,26,27.2
01/01/2019,27,25.7
01/01/2019,28,27.9
01/01/2019,29,26.2
01/01/2019,31,29
01/01/2019,32,27.1
01/01/2019,30,26.5
01/01/2019,33,27.8
01/01/2019,34,26.3
01/01/2019,35,28.5
01/01/2020,5,26.4
01/01/2020,1,24.8
01/01/2020,2,24.5
01/01/2020,3,23.5
01/01/2020,4,24.4
01/01/2020,6,25.3
01/01/2020,7,23.6
01/01/2020,9,26.4
01/01/2020,8,23.9
01/01/2020,10,24
01/01/2020,11,22.4
01/01/2020,12,23.8
01/01/2020,13,24.8
01/01/2020,14,24.5
01/01/2020,15,23.2
01/01/2020,16,24.8
01/01/2020,17,25.3
01/01/2020,18,24
01/01/2020,19,25.3
01/01/2020,21,24.3
01/01/2020,20,23.7
01/01/2020,22,24.4
01/01/2020,23,23.4
01/01/2020,24,25.2
01/01/2020,25,23.3
01/01/2020,26,25.2
01/01/2020,27,22.5
01/01/2020,28,25.2
01/01/2020,29,24.3
01/01/2020,31,26
01/01/2020,32,23.6
01/01/2020,30,23
01/01/2020,33,24.7
01/01/2020,34,23.2
01/01/2020,35,27.6
01/01/2021,5,28.1
01/01/2021,1,26.6
01/01/2021,2,26.6
01/01/2021,3,23.7
01/01/2021,4,25.9
01/01/2021,6,27.2
01/01/2021,7,24
01/01/2021,9,28.3
01/01/2021,8,26
01/01/2021,10,25.5
01/01/2021,11,22.7
01/01/2021,12,25
01/01/2021,13,27.4
01/01/2021,14,26.7
01/01/2021,15,23.7
01/01/2021,16,26
01/01/2021,17,27.7
01/01/2021,18,25.9
01/01/2021,19,26.9
01/01/2021,21,26.1
01/01/2021,20,25
01/01/2021,22,26.4
01/01/2021,23,23.6
01/01/2021,24,26.7
01/01/2021,25,23.7
01/01/2021,26,27.8
01/01/2021,27,22.6
01/01/2021,28,27.3
01/01/2021,29,25.4
01/01/2021,31,28.7
01/01/2021,32,25.8
01/01/2021,30,22.8
01/01/2021,33,26.5
01/01/2021,34,24.4
01/01/2021,35,28.5
01/01/2022,5,26.4
01/01/2022,1,25.3
01/01/2022,2,25.1
01/01/2022,3,23.4
01/01/2022,4,25.6
01/01/2022,6,26
01/01/2022,7,23.2
01/01/2022,9,27.3
01/01/2022,8,25.3
01/01/2022,10,25.1
01/01/2022,11,22.2
01/01/2022,12,24.3
01/01/2022,13,25.9
01/01/2022,14,25.1
01/01/2022,15,23.3
01/01/2022,16,24.6
01/01/2022,17,25.7
01/01/2022,18,24.2
01/01/2022,19,25.9
01/01/2022,21,24.6
01/01/2022,20,23.7
01/01/2022,22,24.7
01/01/2022,23,24.2
01/01/2022,24,25.2
01/01/2022,25,23.4
01/01/2022,26,25.9
01/01/2022,27,23.4
01/01/2022,28,26.4
01/01/2022,29,23.8
01/01/2022,31,26.8
01/01/2022,32,25.3
01/01/2022,30,23.6
01/01/2022,33,25.9
01/01/2022,34,23.8
01/01/2022,35,28.9
01/01/2023,5,28.2
01/01/2023,1,26.3
01/01/2023,2,26.4
01/01/2023,3,24.1
01/01/2023,4,25.2
01/01/2023,6,27.1
01/01/2023,7,24.2
01/01/2023,9,28.2
01/01/2023,8,26.2
01/01/2023,10,25.1
01/01/2023,11,23.5
01/01/2023,12,24.6
01/01/2023,13,27.2
01/01/2023,14,26.8
01/01/2023,15,24
01/01/2023,16,25.2
01/01/2023,17,27.6
01/01/2023,18,25.4
01/01/2023,19,27.2
01/01/2023,21,25.8
01/01/2023,20,24.1
01/01/2023,22,26
01/01/2023,23,24.4
01/01/2023,24,26.9
01/01/2023,25,24.2
01/01/2023,26,27.6
01/01/2023,27,23.9
01/01/2023,28,27.8
01/01/2023,29,25
01/01/2023,31,28.3
01/01/2023,32,26.7
01/01/2023,30,24.3
01/01/2023,33,26.5
01/01/2023,34,24.3
01/01/2023,35,29.3
01/01/2024,1,25.49826728
01/01/2024,2,26.21922602
01/01/2024,3,24.73693401
01/01/2024,4,26.06732281
01/01/2024,5,27.62757244
01/01/2024,6,27.17308249
01/01/2024,7,24.93793693
01/01/2024,8,25.81802178
01/01/2024,9,28.27254815
01/01/2024,10,25.42870112
01/01/2024,11,23.29984787
01/01/2024,12,25.51688998
01/01/2024,13,26.41921502
01/01/2024,14,27.11170411
01/01/2024,15,24.98900945
01/01/2024,16,25.67776674
01/01/2024,17,26.90115036
01/01/2024,18,25.54450723
01/01/2024,19,27.08925494
01/01/2024,20,25.60910761
01/01/2024,21,25.69292122
01/01/2024,22,25.71098886
01/01/2024,23,25.0510099
01/01/2024,25,24.5785075
01/01/2024,26,27.65138202
01/01/2024,27,23.93971066
01/01/2024,28,27.21151705
01/01/2024,29,25.15654848
01/01/2024,30,24.63985756
01/01/2024,31,27.68209737
01/01/2024,32,26.04690184
01/01/2024,33,26.08103885
01/01/2024,34,25.11536543
01/01/2024,35,28.76935194
01/01/2025,1,25.49408186
01/01/2025,2,26.20378502
01/01/2025,3,24.68345866
01/01/2025,4,26.06875853
01/01/2025,5,27.65836177
01/01/2025,6,27.178125
01/01/2025,7,24.90399278
01/01/2025,8,25.79883156
01/01/2025,9,28.29884993
01/01/2025,10,25.38599135
01/01/2025,11,23.26325308
01/01/2025,12,25.5022218
01/01/2025,13,26.40462373
01/01/2025,14,27.14745019
01/01/2025,15,24.96459879
01/01/2025,16,25.67688894
01/01/2025,17,26.9220114
01/01/2025,18,25.52369696
01/01/2025,19,27.09754346
01/01/2025,20,25.58628644
01/01/2025,21,25.67743296
01/01/2025,22,25.69078432
01/01/2025,23,25.01933292
01/01/2025,25,24.56772211
01/01/2025,26,27.69652015
01/01/2025,27,23.91189824
01/01/2025,28,27.26434388
01/01/2025,29,25.09691665
01/01/2025,30,24.59388255
01/01/2025,31,27.7306688
01/01/2025,32,26.06590576
01/01/2025,33,26.1131668
01/01/2025,34,25.08924453
01/01/2025,35,28.78650022
01/01/2026,1,25.48989645
01/01/2026,2,26.18834403
01/01/2026,3,24.62998332
01/01/2026,4,26.07019425
01/01/2026,5,27.68915109
01/01/2026,6,27.18316751
01/01/2026,7,24.87004862
01/01/2026,8,25.77964134
01/01/2026,9,28.32515171
01/01/2026,10,25.34328157
01/01/2026,11,23.22665829
01/01/2026,12,25.48755362
01/01/2026,13,26.39003244
01/01/2026,14,27.18319626
01/01/2026,15,24.94018814
01/01/2026,16,25.67601115
01/01/2026,17,26.94287243
01/01/2026,18,25.50288669
01/01/2026,19,27.10583199
01/01/2026,20,25.56346528
01/01/2026,21,25.66194471
01/01/2026,22,25.67057978
01/01/2026,23,24.98765595
01/01/2026,25,24.55693673
01/01/2026,26,27.74165827
01/01/2026,27,23.88408583
01/01/2026,28,27.31717071
01/01/2026,29,25.03728482
01/01/2026,30,24.54790754
01/01/2026,31,27.77924023
01/01/2026,32,26.08490968
01/01/2026,33,26.14529474
01/01/2026,34,25.06312363
01/01/2026,35,28.80364849
01/01/2027,1,25.48571103
01/01/2027,2,26.17290304
01/01/2027,3,24.57650798
01/01/2027,4,26.07162996
01/01/2027,5,27.71994042
01/01/2027,6,27.18821002
01/01/2027,7,24.83610446
01/01/2027,8,25.76045112
01/01/2027,9,28.35145349
01/01/2027,10,25.3005718
01/01/2027,11,23.1900635
01/01/2027,12,25.47288544
01/01/2027,13,26.37544115
01/01/2027,14,27.21894234
01/01/2027,15,24.91577748
01/01/2027,16,25.67513336
01/01/2027,17,26.96373347
01/01/2027,18,25.48207642
01/01/2027,19,27.11412051
01/01/2027,20,25.54064412
01/01/2027,21,25.64645645
01/01/2027,22,25.65037524
01/01/2027,23,24.95597897
01/01/2027,25,24.54615135
01/01/2027,26,27.7867964
01/01/2027,27,23.85627341
01/01/2027,28,27.36999754
01/01/2027,29,24.97765299
01/01/2027,30,24.50193252
01/01/2027,31,27.82781166
01/01/2027,32,26.10391359
01/01/2027,33,26.17742269
01/01/2027,34,25.03700273
01/01/2027,35,28.82079677
02/01/2018,5,29.8
02/01/2018,1,29.8
02/01/2018,2,29.6
02/01/2018,3,28.3
02/01/2018,4,29.4
02/01/2018,6,28.7
02/01/2018,7,29.3
02/01/2018,9,29.8
02/01/2018,8,28
02/01/2018,10,29.2
02/01/2018,11,27.2
02/01/2018,12,29.5
02/01/2018,13,29.3
02/01/2018,14,28.9
02/01/2018,15,28.6
02/01/2018,16,30.3
02/01/2018,17,30.3
02/01/2018,18,30
02/01/2018,19,28.2
02/01/2018,21,29.4
02/01/2018,20,29.2
02/01/2018,22,30.2
02/01/2018,23,27.3
02/01/2018,24,30.5
02/01/2018,25,28.8
02/01/2018,26,29.5
02/01/2018,27,26.7
02/01/2018,28,29.1
02/01/2018,29,29.8
02/01/2018,31,30
02/01/2018,32,28.7
02/01/2018,30,27.3
02/01/2018,33,28.5
02/01/2018,34,28.6
02/01/2018,35,29.6
02/01/2019,5,29
02/01/2019,1,28.8
02/01/2019,2,28.5
02/01/2019,3,27.7
02/01/2019,4,28.2
02/01/2019,6,29
02/01/2019,7,28.1
02/01/2019,9,27.6
02/01/2019,8,29.6
02/01/2019,10,28.3
02/01/2019,11,26.5
02/01/2019,12,28.1
02/01/2019,13,29
02/01/2019,14,28.5
02/01/2019,15,27.8
02/01/2019,16,28.8
02/01/2019,17,29.5
02/01/2019,18,28.6
02/01/2019,19,28
02/01/2019,21,28.3
02/01/2019,20,28.3
02/01/2019,22,29.1
02/01/2019,23,27
02/01/2019,24,29.1
02/01/2019,25,27.6
02/01/2019,26,29
02/01/2019,27,26.3
02/01/2019,28,28.6
02/01/2019,29,28.3
02/01/2019,31,29.8
02/01/2019,32,28.3
02/01/2019,30,26.9
02/01/2019,33,28.3
02/01/2019,34,28
02/01/2019,35,29.6
02/01/2020,5,28.1
02/01/2020,1,27.9
02/01/2020,2,27.7
02/01/2020,3,26.7
02/01/2020,4,28
02/01/2020,6,27.2
02/01/2020,7,26.5
02/01/2020,9,28.3
02/01/2020,8,26.8
02/01/2020,10,27.4
02/01/2020,11,25.9
02/01/2020,12,27.1
02/01/2020,13,27.8
02/01/2020,14,27.2
02/01/2020,15,26.4
02/01/2020,16,27.4
02/01/2020,17,28.1
02/01/2020,18,26.9
02/01/2020,19,26.9
02/01/2020,21,27.3
02/01/2020,20,27.1
02/01/2020,22,27.4
02/01/2020,23,26.3
02/01/2020,24,28.1
02/01/2020,25,26.7
02/01/2020,26,27.9
02/01/2020,27,26
02/01/2020,28,27.7
02/01/2020,29,27.3
02/01/2020,31,28.3
02/01/2020,32,27.5
02/01/2020,30,26.6
02/01/2020,33,28.1
02/01/2020,34,26.5
02/01/2020,35,28.8
02/01/2021,5,30
02/01/2021,1,29.5
02/01/2021,2,29.5
02/01/2021,3,29.1
02/01/2021,4,29.2
02/01/2021,6,28.8
02/01/2021,7,28.8
02/01/2021,9,29.3
02/01/2021,8,29.1
02/01/2021,10,29.5
02/01/2021,11,27.9
02/01/2021,12,29.4
02/01/2021,13,29.8
02/01/2021,14,29
02/01/2021,15,28.7
02/01/2021,16,29.8
02/01/2021,17,30
02/01/2021,18,29.5
02/01/2021,19,27.7
02/01/2021,21,28.8
02/01/2021,20,28.7
02/01/2021,22,29.7
02/01/2021,23,28.3
02/01/2021,24,29.6
02/01/2021,25,29
02/01/2021,26,30.1
02/01/2021,27,28.1
02/01/2021,28,29.5
02/01/2021,29,28.8
02/01/2021,31,30.8
02/01/2021,32,29.3
02/01/2021,30,28.4
02/01/2021,33,29.5
02/01/2021,34,29.1
02/01/2021,35,29.4
02/01/2022,5,28.6
02/01/2022,1,27.9
02/01/2022,2,27.5
02/01/2022,3,25.5
02/01/2022,4,28
02/01/2022,6,27.9
02/01/2022,7,25.9
02/01/2022,9,28.6
02/01/2022,8,27
02/01/2022,10,27.1
02/01/2022,11,24.5
02/01/2022,12,26.6
02/01/2022,13,28.4
02/01/2022,14,27.3
02/01/2022,15,25.6
02/01/2022,16,27.5
02/01/2022,17,28.2
02/01/2022,18,27.2
02/01/2022,19,28.1
02/01/2022,21,27.1
02/01/2022,20,26.3
02/01/2022,22,27.8
02/01/2022,23,25
02/01/2022,24,28.1
02/01/2022,25,26
02/01/2022,26,28.5
02/01/2022,27,24.5
02/01/2022,28,28.4
02/01/2022,29,26.6
02/01/2022,31,28.5
02/01/2022,32,26.9
02/01/2022,30,25.2
02/01/2022,33,26.6
02/01/2022,34,25.9
02/01/2022,35,29.8
02/01/2023,5,29.6
02/01/2023,1,29.9
02/01/2023,2,29.9
02/01/2023,3,28.6
02/01/2023,4,29.5
02/01/2023,6,28.9
02/01/2023,7,29.5
02/01/2023,9,30.4
02/01/2023,8,28.9
02/01/2023,10,29.3
02/01/2023,11,28
02/01/2023,12,29.6
02/01/2023,13,30
02/01/2023,14,28.9
02/01/2023,15,28.9
02/01/2023,16,30.3
02/01/2023,17,30.7
02/01/2023,18,29.7
02/01/2023,19,29.1
02/01/2023,21,29.3
02/01/2023,20,28.5
02/01/2023,22,30.4
02/01/2023,23,27.9
02/01/2023,24,30.5
02/01/2023,25,29.5
02/01/2023,26,30.7
02/01/2023,27,27.7
02/01/2023,28,30.1
02/01/2023,29,29.3
02/01/2023,31,30.6
02/01/2023,32,29.6
02/01/2023,30,28.5
02/01/2023,33,29.1
02/01/2023,34,28.9
02/01/2023,35,30.9
02/01/2024,1,28.74527301
02/01/2024,2,29.49845376
02/01/2024,3,27.79391059
02/01/2024,4,29.11470403
02/01/2024,5,29.81814523
02/01/2024,6,29.57496281
02/01/2024,7,28.74554752
02/01/2024,8,28.58712413
02/01/2024,9,30.18396958
02/01/2024,10,28.58793205
02/01/2024,11,26.98211991
02/01/2024,12,28.77951428
02/01/2024,13,29.33228017
02/01/2024,14,29.59471272
02/01/2024,15,28.28097953
02/01/2024,16,29.24816174
02/01/2024,17,29.77375805
02/01/2024,18,28.90419292
02/01/2024,19,29.40336854
02/01/2024,20,29.1498929
02/01/2024,21,29.18459792
02/01/2024,22,29.2710771
02/01/2024,23,27.53590254
02/01/2024,25,28.22043436
02/01/2024,26,30.00320809
02/01/2024,27,26.798804
02/01/2024,28,29.63258751
02/01/2024,29,28.59168044
02/01/2024,30,27.00044633
02/01/2024,31,30.09195587
02/01/2024,32,28.82489499
02/01/2024,33,28.83216207
02/01/2024,34,28.19530674
02/01/2024,35,30.15844296
02/01/2025,1,28.77921181
02/01/2025,2,29.52591764
02/01/2025,3,27.81871816
02/01/2025,4,29.17013048
02/01/2025,5,29.88137059
02/01/2025,6,29.61790269
02/01/2025,7,28.7683831
02/01/2025,8,28.60935738
02/01/2025,9,30.24730861
02/01/2025,10,28.59180819
02/01/2025,11,26.99529791
02/01/2025,12,28.80891671
02/01/2025,13,29.36157121
02/01/2025,14,29.65180837
02/01/2025,15,28.3151766
02/01/2025,16,29.28381064
02/01/2025,17,29.82587494
02/01/2025,18,28.91903464
02/01/2025,19,29.43963826
02/01/2025,20,29.1616482
02/01/2025,21,29.22808596
02/01/2025,22,29.28945344
02/01/2025,23,27.55545358
02/01/2025,25,28.25782862
02/01/2025,26,30.06512178
02/01/2025,27,26.81947751
02/01/2025,28,29.71727363
02/01/2025,29,28.5736843
02/01/2025,30,27.00105165
02/01/2025,31,30.16831998
02/01/2025,32,28.87493043
02/01/2025,33,28.90628371
02/01/2025,34,28.21716943
02/01/2025,35,30.19626428
02/01/2026,1,28.81315061
02/01/2026,2,29.55338152
02/01/2026,3,27.84352573
02/01/2026,4,29.22555693
02/01/2026,5,29.94459595
02/01/2026,6,29.66084257
02/01/2026,7,28.79121868
02/01/2026,8,28.63159063
02/01/2026,9,30.31064763
02/01/2026,10,28.59568433
02/01/2026,11,27.00847591
02/01/2026,12,28.83831915
02/01/2026,13,29.39086225
02/01/2026,14,29.70890401
02/01/2026,15,28.34937367
02/01/2026,16,29.31945954
02/01/2026,17,29.87799183
02/01/2026,18,28.93387636
02/01/2026,19,29.47590799
02/01/2026,20,29.1734035
02/01/2026,21,29.27157399
02/01/2026,22,29.30782978
02/01/2026,23,27.57500463
02/01/2026,25,28.29522289
02/01/2026,26,30.12703547
02/01/2026,27,26.84015102
02/01/2026,28,29.80195976
02/01/2026,29,28.55568816
02/01/2026,30,27.00165697
02/01/2026,31,30.24468408
02/01/2026,32,28.92496586
02/01/2026,33,28.98040535
02/01/2026,34,28.23903211
02/01/2026,35,30.2340856
02/01/2027,1,28.84708941
02/01/2027,2,29.5808454
02/01/2027,3,27.86833329
02/01/2027,4,29.28098339
02/01/2027,5,30.00782131
02/01/2027,6,29.70378245
02/01/2027,7,28.81405426
02/01/2027,8,28.65382388
02/01/2027,9,30.37398666
02/01/2027,10,28.59956047
02/01/2027,11,27.0216539
02/01/2027,12,28.86772158
02/01/2027,13,29.42015329
02/01/2027,14,29.76599966
02/01/2027,15,28.38357074
02/01/2027,16,29.35510844
02/01/2027,17,29.93010872
02/01/2027,18,28.94871807
02/01/2027,19,29.51217771
02/01/2027,20,29.1851588
02/01/2027,21,29.31506203
02/01/2027,22,29.32620612
02/01/2027,23,27.59455567
02/01/2027,25,28.33261715
02/01/2027,26,30.18894917
02/01/2027,27,26.86082453
02/01/2027,28,29.88664588
02/01/2027,29,28.53769202
02/01/2027,30,27.00226229
02/01/2027,31,30.32104819
02/01/2027,32,28.97500129
02/01/2027,33,29.05452698
02/01/2027,34,28.26089479
02/01/2027,35,30.27190691
03/01/2018,5,31.9
03/01/2018,1,33.1
03/01/2018,2,33
03/01/2018,3,32.1
03/01/2018,4,33.2
03/01/2018,6,31.6
03/01/2018,7,34.2
03/01/2018,9,32.1
03/01/2018,8,31.4
03/01/2018,10,33.3
03/01/2018,11,31.2
03/01/2018,12,33.7
03/01/2018,13,32.8
03/01/2018,14,32.2
03/01/2018,15,33.5
03/01/2018,16,34.5
03/01/2018,17,33
03/01/2018,18,33.7
03/01/2018,19,31.1
03/01/2018,21,32.9
03/01/2018,20,33.2
03/01/2018,22,33.6
03/01/2018,23,31.1
03/01/2018,24,33.7
03/01/2018,25,34.1
03/01/2018,26,33.1
03/01/2018,27,30.9
03/01/2018,28,31.7
03/01/2018,29,33.4
03/01/2018,31,32.3
03/01/2018,32,32.2
03/01/2018,30,31.1
03/01/2018,33,31.5
03/01/2018,34,32.8
03/01/2018,35,31.3
03/01/2019,5,31.3
03/01/2019,1,31.9
03/01/2019,2,31.7
03/01/2019,3,31.1
03/01/2019,4,31.7
03/01/2019,6,31
03/01/2019,7,32.3
03/01/2019,9,30.2
03/01/2019,8,31.2
03/01/2019,10,31.5
03/01/2019,11,30.7
03/01/2019,12,31.9
03/01/2019,13,31.6
03/01/2019,14,31.1
03/01/2019,15,32.1
03/01/2019,16,32.1
03/01/2019,17,32.2
03/01/2019,18,31.7
03/01/2019,19,30.3
03/01/2019,21,31.4
03/01/2019,20,31.7
03/01/2019,22,32
03/01/2019,23,29.8
03/01/2019,24,32.5
03/01/2019,25,32
03/01/2019,26,32
03/01/2019,27,30.1
03/01/2019,28,31.2
03/01/2019,29,31.6
03/01/2019,31,32.1
03/01/2019,32,30.9
03/01/2019,30,30.9
03/01/2019,33,31
03/01/2019,34,31.2
03/01/2019,35,31.4
03/01/2020,5,32.7
03/01/2020,1,32.5
03/01/2020,2,32.2
03/01/2020,3,30.7
03/01/2020,4,32.5
03/01/2020,6,31.7
03/01/2020,7,31.9
03/01/2020,9,32.7
03/01/2020,8,31.3
03/01/2020,10,32.2
03/01/2020,11,29.6
03/01/2020,12,32.4
03/01/2020,13,32.4
03/01/2020,14,31.7
03/01/2020,15,31.4
03/01/2020,16,32.5
03/01/2020,17,32.6
03/01/2020,18,32.2
03/01/2020,19,30.9
03/01/2020,21,32
03/01/2020,20,32
03/01/2020,22,32.9
03/01/2020,23,30.3
03/01/2020,24,32.9
03/01/2020,25,31.6
03/01/2020,26,32.9
03/01/2020,27,29.8
03/01/2020,28,32.3
03/01/2020,29,31.9
03/01/2020,31,33.1
03/01/2020,32,31.9
03/01/2020,30,30.3
03/01/2020,33,31.8
03/01/2020,34,31.5
03/01/2020,35,32.2
03/01/2021,5,33.5
03/01/2021,1,34
03/01/2021,2,33.8
03/01/2021,3,32.7
03/01/2021,4,33.9
03/01/2021,6,32.9
03/01/2021,7,34.5
03/01/2021,9,32.9
03/01/2021,8,33
03/01/2021,10,34.4
03/01/2021,11,31.8
03/01/2021,12,34.5
03/01/2021,13,34.2
03/01/2021,14,32.8
03/01/2021,15,34.3
03/01/2021,16,35.2
03/01/2021,17,34.3
03/01/2021,18,34.5
03/01/2021,19,31.8
03/01/2021,21,33.4
03/01/2021,20,33.7
03/01/2021,22,34.9
03/01/2021,23,31.8
03/01/2021,24,34.4
03/01/2021,25,34.5
03/01/2021,26,34.9
03/01/2021,27,31.2
03/01/2021,28,33
03/01/2021,29,33.8
03/01/2021,31,34.3
03/01/2021,32,33.4
03/01/2021,30,32
03/01/2021,33,33.2
03/01/2021,34,33.9
03/01/2021,35,32.2
03/01/2022,5,33
03/01/2022,1,33.5
03/01/2022,2,33.4
03/01/2022,3,33.3
03/01/2022,4,34
03/01/2022,6,32.4
03/01/2022,7,33.7
03/01/2022,9,32.7
03/01/2022,8,32.8
03/01/2022,10,33.9
03/01/2022,11,32.4
03/01/2022,12,33.8
03/01/2022,13,33.9
03/01/2022,14,33
03/01/2022,15,33.9
03/01/2022,16,34
03/01/2022,17,33.5
03/01/2022,18,33.6
03/01/2022,19,31.7
03/01/2022,21,33.1
03/01/2022,20,33.2
03/01/2022,22,33.9
03/01/2022,23,32
03/01/2022,24,33.7
03/01/2022,25,34.8
03/01/2022,26,34.4
03/01/2022,27,32.2
03/01/2022,28,33.4
03/01/2022,29,32.9
03/01/2022,31,33.7
03/01/2022,32,33.2
03/01/2022,30,32.9
03/01/2022,33,33.5
03/01/2022,34,33.4
03/01/2022,35,33.2
03/01/2023,5,33.3
03/01/2023,1,32.5
03/01/2023,2,32.3
03/01/2023,3,31.4
03/01/2023,4,32.3
03/01/2023,6,32.1
03/01/2023,7,33.1
03/01/2023,9,33.1
03/01/2023,8,31.4
03/01/2023,10,32.4
03/01/2023,11,30.9
03/01/2023,12,32.5
03/01/2023,13,32.1
03/01/2023,14,31.5
03/01/2023,15,32.6
03/01/2023,16,33.2
03/01/2023,17,33.2
03/01/2023,18,32.5
03/01/2023,19,31.3
03/01/2023,21,31.6
03/01/2023,20,31.7
03/01/2023,22,33.1
03/01/2023,23,29.8
03/01/2023,24,32.7
03/01/2023,25,32.8
03/01/2023,26,32.8
03/01/2023,27,30.7
03/01/2023,28,32.3
03/01/2023,29,31.8
03/01/2023,31,32.6
03/01/2023,32,31.3
03/01/2023,30,31.7
03/01/2023,33,30.8
03/01/2023,34,31.8
03/01/2023,35,33.4
03/01/2024,1,32.2107609
03/01/2024,2,32.41310013
03/01/2024,3,31.42089621
03/01/2024,4,32.32431503
03/01/2024,5,32.2429074
03/01/2024,6,32.2639511
03/01/2024,7,32.86834678
03/01/2024,8,31.50365381
03/01/2024,9,32.22203813
03/01/2024,10,31.97297848
03/01/2024,11,30.57091313
03/01/2024,12,32.34869743
03/01/2024,13,32.22289953
03/01/2024,14,32.07062458
03/01/2024,15,32.21224946
03/01/2024,16,33.09924525
03/01/2024,17,32.80309523
03/01/2024,18,32.45806287
03/01/2024,19,31.7183252
03/01/2024,20,32.54440091
03/01/2024,21,32.01039521
03/01/2024,22,32.58858255
03/01/2024,23,30.79423244
03/01/2024,25,32.69776733
03/01/2024,26,32.73559159
03/01/2024,27,30.30947199
03/01/2024,28,32.32982773
03/01/2024,29,32.3116917
03/01/2024,30,30.56613292
03/01/2024,31,32.59966535
03/01/2024,32,31.95792967
03/01/2024,33,32.0532843
03/01/2024,34,31.89713135
03/01/2024,35,31.80799273
03/01/2025,1,32.21324593
03/01/2025,2,32.41103157
03/01/2025,3,31.40782146
03/01/2025,4,32.35381206
03/01/2025,5,32.29493037
03/01/2025,6,32.29732057
03/01/2025,7,32.86087691
03/01/2025,8,31.49566249
03/01/2025,9,32.27824701
03/01/2025,10,31.94677577
03/01/2025,11,30.54189812
03/01/2025,12,32.34972752
03/01/2025,13,32.23493034
03/01/2025,14,32.10795127
03/01/2025,15,32.20231772
03/01/2025,16,33.10534939
03/01/2025,17,32.846082
03/01/2025,18,32.43943895
03/01/2025,19,31.74946052
03/01/2025,20,32.52410076
03/01/2025,21,32.04453893
03/01/2025,22,32.57325886
03/01/2025,23,30.77712704
03/01/2025,25,32.71323987
03/01/2025,26,32.78757611
03/01/2025,27,30.28845915
03/01/2025,28,32.40839053
03/01/2025,29,32.26188219
03/01/2025,30,30.50836708
03/01/2025,31,32.66730082
03/01/2025,32,31.98130476
03/01/2025,33,32.09830266
03/01/2025,34,31.8897088
03/01/2025,35,31.8301574
03/01/2026,1,32.21573096
03/01/2026,2,32.40896301
03/01/2026,3,31.39474672
03/01/2026,4,32.38330909
03/01/2026,5,32.34695334
03/01/2026,6,32.33069005
03/01/2026,7,32.85340703
03/01/2026,8,31.48767116
03/01/2026,9,32.33445589
03/01/2026,10,31.92057305
03/01/2026,11,30.51288311
03/01/2026,12,32.35075761
03/01/2026,13,32.24696114
03/01/2026,14,32.14527797
03/01/2026,15,32.19238598
03/01/2026,16,33.11145353
03/01/2026,17,32.88906876
03/01/2026,18,32.42081503
03/01/2026,19,31.78059583
03/01/2026,20,32.5038006
03/01/2026,21,32.07868265
03/01/2026,22,32.55793517
03/01/2026,23,30.76002165
03/01/2026,25,32.7287124
03/01/2026,26,32.83956064
03/01/2026,27,30.26744631
03/01/2026,28,32.48695333
03/01/2026,29,32.21207268
03/01/2026,30,30.45060124
03/01/2026,31,32.7349363
03/01/2026,32,32.00467986
03/01/2026,33,32.14332102
03/01/2026,34,31.88228624
03/01/2026,35,31.85232206
03/01/2027,1,32.21821599
03/01/2027,2,32.40689445
03/01/2027,3,31.38167198
03/01/2027,4,32.41280612
03/01/2027,5,32.39897631
03/01/2027,6,32.36405953
03/01/2027,7,32.84593716
03/01/2027,8,31.47967984
03/01/2027,9,32.39066476
03/01/2027,10,31.89437034
03/01/2027,11,30.48386811
03/01/2027,12,32.3517877
03/01/2027,13,32.25899195
03/01/2027,14,32.18260467
03/01/2027,15,32.18245424
03/01/2027,16,33.11755768
03/01/2027,17,32.93205553
03/01/2027,18,32.40219111
03/01/2027,19,31.81173115
03/01/2027,20,32.48350044
03/01/2027,21,32.11282637
03/01/2027,22,32.54261148
03/01/2027,23,30.74291625
03/01/2027,25,32.74418494
03/01/2027,26,32.89154516
03/01/2027,27,30.24643347
03/01/2027,28,32.56551614
03/01/2027,29,32.16226317
03/01/2027,30,30.3928354
03/01/2027,31,32.80257178
03/01/2027,32,32.02805495
03/01/2027,33,32.18833938
03/01/2027,34,31.87486368
03/01/2027,35,31.87448673
04/01/2018,5,32.9
04/01/2018,1,33.5
04/01/2018,2,33.1
04/01/2018,3,31.8
04/01/2018,4,33.6
04/01/2018,6,32.9
04/01/2018,7,33.9
04/01/2018,9,33.5
04/01/2018,8,31.9
04/01/2018,10,33
04/01/2018,11,31.1
04/01/2018,12,33.1
04/01/2018,13,33.4
04/01/2018,14,32.9
04/01/2018,15,32.9
04/01/2018,16,34.8
04/01/2018,17,33.9
04/01/2018,18,34.6
04/01/2018,19,32.7
04/01/2018,21,33.5
04/01/2018,20,33.6
04/01/2018,22,34.5
04/01/2018,23,30.4
04/01/2018,24,34
04/01/2018,25,34
04/01/2018,26,33.7
04/01/2018,27,30.6
04/01/2018,28,32.7
04/01/2018,29,34.2
04/01/2018,31,33.4
04/01/2018,32,31.7
04/01/2018,30,30.9
04/01/2018,33,30.9
04/01/2018,34,31.9
04/01/2018,35,32.7
04/01/2019,5,33.6
04/01/2019,1,33.7
04/01/2019,2,33.9
04/01/2019,3,32.5
04/01/2019,4,34
04/01/2019,6,32.9
04/01/2019,7,34.5
04/01/2019,9,32.6
04/01/2019,8,33.7
04/01/2019,10,33.6
04/01/2019,11,31.3
04/01/2019,12,34.2
04/01/2019,13,34
04/01/2019,14,33.4
04/01/2019,15,34.1
04/01/2019,16,34.8
04/01/2019,17,33.9
04/01/2019,18,34.6
04/01/2019,19,33.1
04/01/2019,21,33.9
04/01/2019,20,33.9
04/01/2019,22,34.4
04/01/2019,23,31.6
04/01/2019,24,34.5
04/01/2019,25,34.5
04/01/2019,26,34.7
04/01/2019,27,31
04/01/2019,28,33.3
04/01/2019,29,34.3
04/01/2019,31,33.7
04/01/2019,32,32.9
04/01/2019,30,31.8
04/01/2019,33,32.4
04/01/2019,34,33.2
04/01/2019,35,33.4
04/01/2020,5,32.7
04/01/2020,1,33.6
04/01/2020,2,32.8
04/01/2020,3,32.2
04/01/2020,4,33.3
04/01/2020,6,32.7
04/01/2020,7,34.6
04/01/2020,9,33
04/01/2020,8,32.1
04/01/2020,10,33.8
04/01/2020,11,31.3
04/01/2020,12,34.1
04/01/2020,13,33.1
04/01/2020,14,32.5
04/01/2020,15,34.1
04/01/2020,16,34.9
04/01/2020,17,33.2
04/01/2020,18,34.4
04/01/2020,19,32.5
04/01/2020,21,33.4
04/01/2020,20,33.9
04/01/2020,22,34.7
04/01/2020,23,31.4
04/01/2020,24,33.9
04/01/2020,25,34.5
04/01/2020,26,34.5
04/01/2020,27,31.3
04/01/2020,28,32.5
04/01/2020,29,34.3
04/01/2020,31,33.1
04/01/2020,32,32.8
04/01/2020,30,31.6
04/01/2020,33,32.8
04/01/2020,34,33.1
04/01/2020,35,33.2
04/01/2021,5,34
04/01/2021,1,35.4
04/01/2021,2,35.1
04/01/2021,3,34.9
04/01/2021,4,35.2
04/01/2021,6,33.6
04/01/2021,7,36.7
04/01/2021,9,33.6
04/01/2021,8,34.6
04/01/2021,10,36.1
04/01/2021,11,34.1
04/01/2021,12,35.9
04/01/2021,13,35.9
04/01/2021,14,34.4
04/01/2021,15,36.7
04/01/2021,16,36.9
04/01/2021,17,35.6
04/01/2021,18,36.4
04/01/2021,19,33
04/01/2021,21,35.4
04/01/2021,20,35.7
04/01/2021,22,36.2
04/01/2021,23,33.7
04/01/2021,24,35.6
04/01/2021,25,37.5
04/01/2021,26,36.3
04/01/2021,27,33.3
04/01/2021,28,34.2
04/01/2021,29,35.4
04/01/2021,31,35.5
04/01/2021,32,35.1
04/01/2021,30,34.2
04/01/2021,33,33.8
04/01/2021,34,35.5
04/01/2021,35,33.6
04/01/2022,5,33
04/01/2022,1,33.8
04/01/2022,2,33.6
04/01/2022,3,33.4
04/01/2022,4,34.3
04/01/2022,6,33.1
04/01/2022,7,35.7
04/01/2022,9,33.4
04/01/2022,8,32.9
04/01/2022,10,34.1
04/01/2022,11,31.6
04/01/2022,12,34.4
04/01/2022,13,33.6
04/01/2022,14,33.1
04/01/2022,15,35.7
04/01/2022,16,35.7
04/01/2022,17,33.6
04/01/2022,18,35.1
04/01/2022,19,32.9
04/01/2022,21,33.7
04/01/2022,20,34.4
04/01/2022,22,35.3
04/01/2022,23,32
04/01/2022,24,34.1
04/01/2022,25,36.7
04/01/2022,26,34.8
04/01/2022,27,30.5
04/01/2022,28,32.5
04/01/2022,29,34.7
04/01/2022,31,33
04/01/2022,32,33.9
04/01/2022,30,31.3
04/01/2022,33,32
04/01/2022,34,34.2
04/01/2022,35,33.4
04/01/2023,5,35.1
04/01/2023,1,35.4
04/01/2023,2,35.4
04/01/2023,3,35.3
04/01/2023,4,35.6
04/01/2023,6,34.1
04/01/2023,7,38
04/01/2023,9,34.8
04/01/2023,8,34.6
04/01/2023,10,36.4
04/01/2023,11,34.4
04/01/2023,12,36.7
04/01/2023,13,35.7
04/01/2023,14,34.5
04/01/2023,15,37.3
04/01/2023,16,37.5
04/01/2023,17,35.7
04/01/2023,18,36.7
04/01/2023,19,33.9
04/01/2023,21,35.2
04/01/2023,20,35.5
04/01/2023,22,36.8
04/01/2023,23,34.1
04/01/2023,24,35.7
04/01/2023,25,37.5
04/01/2023,26,35.8
04/01/2023,27,34.1
04/01/2023,28,34.7
04/01/2023,29,36.2
04/01/2023,31,34.7
04/01/2023,32,34.9
04/01/2023,30,34.6
04/01/2023,33,33.3
04/01/2023,34,35.8
04/01/2023,35,34
04/01/2024,1,33.64498839
04/01/2024,2,33.61744914
04/01/2024,3,33.10856816
04/01/2024,4,33.48841621
04/01/2024,5,32.88881848
04/01/2024,6,33.22606006
04/01/2024,7,35.01666543
04/01/2024,8,32.72596967
04/01/2024,9,32.92421833
04/01/2024,10,33.49955655
04/01/2024,11,32.22780462
04/01/2024,12,34.00284245
04/01/2024,13,33.20729586
04/01/2024,14,32.78447581
04/01/2024,15,34.27102588
04/01/2024,16,35.34181574
04/01/2024,17,34.09396767
04/01/2024,18,34.55407477
04/01/2024,19,32.67672928
04/01/2024,20,33.86992608
04/01/2024,21,33.09956844
04/01/2024,22,34.38907352
04/01/2024,23,31.92296697
04/01/2024,25,35.24381066
04/01/2024,26,33.52061646
04/01/2024,27,31.75881829
04/01/2024,28,33.04838428
04/01/2024,29,34.6695088
04/01/2024,30,32.23205242
04/01/2024,31,33.34276712
04/01/2024,32,32.71555566
04/01/2024,33,32.1147896
04/01/2024,34,33.65674489
04/01/2024,35,32.43277453
04/01/2025,1,33.66436756
04/01/2025,2,33.63397372
04/01/2025,3,33.07320274
04/01/2025,4,33.53373681
04/01/2025,5,32.91796796
04/01/2025,6,33.24179166
04/01/2025,7,34.99252894
04/01/2025,8,32.74053447
04/01/2025,9,32.96776098
04/01/2025,10,33.50183411
04/01/2025,11,32.16918837
04/01/2025,12,34.00800874
04/01/2025,13,33.23263174
04/01/2025,14,32.81110632
04/01/2025,15,34.24540989
04/01/2025,16,35.34158249
04/01/2025,17,34.13865013
04/01/2025,18,34.56993828
04/01/2025,19,32.70587468
04/01/2025,20,33.85164444
04/01/2025,21,33.15948899
04/01/2025,22,34.40152527
04/01/2025,23,31.91106017
04/01/2025,25,35.25789724
04/01/2025,26,33.56277587
04/01/2025,27,31.71849591
04/01/2025,28,33.1210076
04/01/2025,29,34.6397201
04/01/2025,30,32.13109189
04/01/2025,31,33.39214221
04/01/2025,32,32.71402202
04/01/2025,33,32.15116393
04/01/2025,34,33.66527023
04/01/2025,35,32.44391891
04/01/2026,1,33.68374673
04/01/2026,2,33.65049829
04/01/2026,3,33.03783732
04/01/2026,4,33.57905741
04/01/2026,5,32.94711744
04/01/2026,6,33.25752326
04/01/2026,7,34.96839245
04/01/2026,8,32.75509928
04/01/2026,9,33.01130364
04/01/2026,10,33.50411168
04/01/2026,11,32.11057212
04/01/2026,12,34.01317502
04/01/2026,13,33.25796762
04/01/2026,14,32.83773683
04/01/2026,15,34.2197939
04/01/2026,16,35.34134923
04/01/2026,17,34.18333258
04/01/2026,18,34.58580179
04/01/2026,19,32.73502008
04/01/2026,20,33.8333628
04/01/2026,21,33.21940954
04/01/2026,22,34.41397701
04/01/2026,23,31.89915337
04/01/2026,25,35.27198382
04/01/2026,26,33.60493528
04/01/2026,27,31.67817353
04/01/2026,28,33.19363093
04/01/2026,29,34.60993141
04/01/2026,30,32.03013136
04/01/2026,31,33.44151731
04/01/2026,32,32.71248838
04/01/2026,33,32.18753826
04/01/2026,34,33.67379557
04/01/2026,35,32.4550633
04/01/2027,1,33.7031259
04/01/2027,2,33.66702286
04/01/2027,3,33.0024719
04/01/2027,4,33.62437801
04/01/2027,5,32.97626692
04/01/2027,6,33.27325486
04/01/2027,7,34.94425596
04/01/2027,8,32.76966409
04/01/2027,9,33.05484629
04/01/2027,10,33.50638924
04/01/2027,11,32.05195588
04/01/2027,12,34.0183413
04/01/2027,13,33.2833035
04/01/2027,14,32.86436733
04/01/2027,15,34.1941779
04/01/2027,16,35.34111597
04/01/2027,17,34.22801504
04/01/2027,18,34.6016653
04/01/2027,19,32.76416549
04/01/2027,20,33.81508116
04/01/2027,21,33.27933009
04/01/2027,22,34.42642876
04/01/2027,23,31.88724657
04/01/2027,25,35.2860704
04/01/2027,26,33.64709469
04/01/2027,27,31.63785114
04/01/2027,28,33.26625425
04/01/2027,29,34.58014272
04/01/2027,30,31.92917083
04/01/2027,31,33.4908924
04/01/2027,32,32.71095474
04/01/2027,33,32.22391259
04/01/2027,34,33.6823209
04/01/2027,35,32.46620768
05/01/2018,5,32.1
05/01/2018,1,32.8
05/01/2018,2,32.3
05/01/2018,3,31.5
05/01/2018,4,32.8
05/01/2018,6,32.8
05/01/2018,7,33.4
05/01/2018,9,32.4
05/01/2018,8,31.1
05/01/2018,10,32.3
05/01/2018,11,31.7
05/01/2018,12,32.6
05/01/2018,13,32.2
05/01/2018,14,32.4
05/01/2018,15,32.9
05/01/2018,16,34.1
05/01/2018,17,33.5
05/01/2018,18,33.8
05/01/2018,19,32.5
05/01/2018,21,32.6
05/01/2018,20,32.7
05/01/2018,22,33.7
05/01/2018,23,30.5
05/01/2018,24,33.2
05/01/2018,25,33.4
05/01/2018,26,32.1
05/01/2018,27,31.1
05/01/2018,28,31.8
05/01/2018,29,34.1
05/01/2018,31,32.2
05/01/2018,32,31.6
05/01/2018,30,31.5
05/01/2018,33,30.4
05/01/2018,34,31.9
05/01/2018,35,33.1
05/01/2019,5,33.9
05/01/2019,1,34.8
05/01/2019,2,34.5
05/01/2019,3,33.7
05/01/2019,4,34.7
05/01/2019,6,33.7
05/01/2019,7,36
05/01/2019,9,33.5
05/01/2019,8,34.2
05/01/2019,10,34.5
05/01/2019,11,34
05/01/2019,12,35
05/01/2019,13,34.4
05/01/2019,14,34
05/01/2019,15,35.8
05/01/2019,16,36.6
05/01/2019,17,34.2
05/01/2019,18,36.1
05/01/2019,19,34.1
05/01/2019,21,35.1
05/01/2019,20,35.2
05/01/2019,22,36
05/01/2019,23,32.4
05/01/2019,24,35.1
05/01/2019,25,36.1
05/01/2019,26,34.6
05/01/2019,27,32
05/01/2019,28,33.3
05/01/2019,29,35.7
05/01/2019,31,33.6
05/01/2019,32,33.6
05/01/2019,30,32.9
05/01/2019,33,32.3
05/01/2019,34,34.7
05/01/2019,35,34.1
05/01/2020,5,33.2
05/01/2020,1,33.6
05/01/2020,2,33.4
05/01/2020,3,32
05/01/2020,4,33.7
05/01/2020,6,33.1
05/01/2020,7,33.5
05/01/2020,9,33.2
05/01/2020,8,32.5
05/01/2020,10,33.3
05/01/2020,11,31.6
05/01/2020,12,32.9
05/01/2020,13,33.3
05/01/2020,14,32.9
05/01/2020,15,33.6
05/01/2020,16,34.5
05/01/2020,17,33.7
05/01/2020,18,34.1
05/01/2020,19,32.6
05/01/2020,21,33.7
05/01/2020,20,33.5
05/01/2020,22,33.9
05/01/2020,23,32
05/01/2020,24,34
05/01/2020,25,33.7
05/01/2020,26,33.5
05/01/2020,27,31.5
05/01/2020,28,33
05/01/2020,29,33.9
05/01/2020,31,33.5
05/01/2020,32,32..4
05/01/2020,30,31.9
05/01/2020,33,31.5
05/01/2020,34,33
05/01/2020,35,33.3
05/01/2021,5,33.8
05/01/2021,1,34.7
05/01/2021,2,34.3
05/01/2021,3,33.3
05/01/2021,4,35.1
05/01/2021,6,33.7
05/01/2021,7,34.7
05/01/2021,9,33.9
05/01/2021,8,34.5
05/01/2021,10,34.9
05/01/2021,11,32.1
05/01/2021,12,34.6
05/01/2021,13,35.6
05/01/2021,14,33.6
05/01/2021,15,34.8
05/01/2021,16,35.6
05/01/2021,17,34.7
05/01/2021,18,36.4
05/01/2021,19,33.4
05/01/2021,21,35.3
05/01/2021,20,34.7
05/01/2021,22,35
05/01/2021,23,33
05/01/2021,24,34.9
05/01/2021,25,34.6
05/01/2021,26,35.6
05/01/2021,27,31.5
05/01/2021,28,33.8
05/01/2021,29,34.8
05/01/2021,31,35.2
05/01/2021,32,34.4
05/01/2021,30,32
05/01/2021,33,33
05/01/2021,34,34.5
05/01/2021,35,34.2
05/01/2022,5,32.7
05/01/2022,1,33.6
05/01/2022,2,33.3
05/01/2022,3,32.8
05/01/2022,4,34.1
05/01/2022,6,33.1
05/01/2022,7,34.2
05/01/2022,9,32.8
05/01/2022,8,33
05/01/2022,10,33.5
05/01/2022,11,32.5
05/01/2022,12,33.4
05/01/2022,13,32.8
05/01/2022,14,32.9
05/01/2022,15,34
05/01/2022,16,34.9
05/01/2022,17,33.7
05/01/2022,18,34.8
05/01/2022,19,32.8
05/01/2022,21,33.4
05/01/2022,20,34.1
05/01/2022,22,34.8
05/01/2022,23,31.8
05/01/2022,24,33.7
05/01/2022,25,34.7
05/01/2022,26,32.6
05/01/2022,27,32
05/01/2022,28,32.5
05/01/2022,29,34.2
05/01/2022,31,32.7
05/01/2022,32,32.3
05/01/2022,30,33
05/01/2022,33,31.1
05/01/2022,34,33.1
05/01/2022,35,32.9
05/01/2023,5,33.6
05/01/2023,1,34.6
05/01/2023,2,34.4
05/01/2023,3,34.6
05/01/2023,4,34.7
05/01/2023,6,33.2
05/01/2023,7,36.3
05/01/2023,9,33.4
05/01/2023,8,34.2
05/01/2023,10,35.4
05/01/2023,11,34.5
05/01/2023,12,34.6
05/01/2023,13,34.5
05/01/2023,14,33.3
05/01/2023,15,35.7
05/01/2023,16,35.8
05/01/2023,17,34.7
05/01/2023,18,35.7
05/01/2023,19,33.4
05/01/2023,21,34.2
05/01/2023,20,34.8
05/01/2023,22,35.3
05/01/2023,23,33.5
05/01/2023,24,34.7
05/01/2023,25,36.3
05/01/2023,26,34.8
05/01/2023,27,34
05/01/2023,28,33.7
05/01/2023,29,35.3
05/01/2023,31,33.6
05/01/2023,32,34.5
05/01/2023,30,34.8
05/01/2023,33,33.3
05/01/2023,34,35.1
05/01/2023,35,33.7
05/01/2024,1,33.71419043
05/01/2024,2,33.71916968
05/01/2024,3,33.87682715
05/01/2024,4,33.76799398
05/01/2024,5,32.68917497
05/01/2024,6,33.07985224
05/01/2024,7,35.27424053
05/01/2024,8,32.87452988
05/01/2024,9,33.00687973
05/01/2024,10,33.80382872
05/01/2024,11,33.58009637
05/01/2024,12,34.54822203
05/01/2024,13,33.05723267
05/01/2024,14,32.88209842
05/01/2024,15,35.03389235
05/01/2024,16,35.55417428
05/01/2024,17,34.17466817
05/01/2024,18,35.10843536
05/01/2024,19,32.79332681
05/01/2024,20,33.80992833
05/01/2024,21,33.56900693
05/01/2024,22,34.92622499
05/01/2024,23,32.59106637
05/01/2024,25,35.46052375
05/01/2024,26,33.4670427
05/01/2024,27,32.86168172
05/01/2024,28,32.90910756
05/01/2024,29,35.07374186
05/01/2024,30,33.28435671
05/01/2024,31,33.25392457
05/01/2024,32,32.80360528
05/01/2024,33,32.17635877
05/01/2024,34,34.16295514
05/01/2024,35,32.63261423
05/01/2025,1,33.76321578
05/01/2025,2,33.75206453
05/01/2025,3,33.91131248
05/01/2025,4,33.82775563
05/01/2025,5,32.70128517
05/01/2025,6,33.08357978
05/01/2025,7,35.3020426
05/01/2025,8,32.91213386
05/01/2025,9,33.04760227
05/01/2025,10,33.84388441
05/01/2025,11,33.61396187
05/01/2025,12,34.59031523
05/01/2025,13,33.09514884
05/01/2025,14,32.92349914
05/01/2025,15,35.06828896
05/01/2025,16,35.60884788
05/01/2025,17,34.23870228
05/01/2025,18,35.15740946
05/01/2025,19,32.81672857
05/01/2025,20,33.83035318
05/01/2025,21,33.64390478
05/01/2025,22,34.97034535
05/01/2025,23,32.6366185
05/01/2025,25,35.50741943
05/01/2025,26,33.49964351
05/01/2025,27,32.88867055
05/01/2025,28,32.98202636
05/01/2025,29,35.07823039
05/01/2025,30,33.25484933
05/01/2025,31,33.31285111
05/01/2025,32,32.83672754
05/01/2025,33,32.23424438
05/01/2025,34,34.21894321
05/01/2025,35,32.64981228
05/01/2026,1,33.81224114
05/01/2026,2,33.78495937
05/01/2026,3,33.9457978
05/01/2026,4,33.88751728
05/01/2026,5,32.71339538
05/01/2026,6,33.08730732
05/01/2026,7,35.32984466
05/01/2026,8,32.94973784
05/01/2026,9,33.08832481
05/01/2026,10,33.8839401
05/01/2026,11,33.64782737
05/01/2026,12,34.63240843
05/01/2026,13,33.133065
05/01/2026,14,32.96489986
05/01/2026,15,35.10268557
05/01/2026,16,35.66352148
05/01/2026,17,34.30273639
05/01/2026,18,35.20638356
05/01/2026,19,32.84013033
05/01/2026,20,33.85077803
05/01/2026,21,33.71880264
05/01/2026,22,35.01446571
05/01/2026,23,32.68217063
05/01/2026,25,35.55431512
05/01/2026,26,33.53224431
05/01/2026,27,32.91565939
05/01/2026,28,33.05494516
05/01/2026,29,35.08271892
05/01/2026,30,33.22534195
05/01/2026,31,33.37177764
05/01/2026,32,32.86984979
05/01/2026,33,32.29212998
05/01/2026,34,34.27493128
05/01/2026,35,32.66701034
05/01/2027,1,33.8612665
05/01/2027,2,33.81785422
05/01/2027,3,33.98028313
05/01/2027,4,33.94727893
05/01/2027,5,32.72550558
05/01/2027,6,33.09103487
05/01/2027,7,35.35764673
05/01/2027,8,32.98734182
05/01/2027,9,33.12904735
05/01/2027,10,33.9239958
05/01/2027,11,33.68169287
05/01/2027,12,34.67450163
05/01/2027,13,33.17098116
05/01/2027,14,33.00630059
05/01/2027,15,35.13708218
05/01/2027,16,35.71819508
05/01/2027,17,34.36677049
05/01/2027,18,35.25535766
05/01/2027,19,32.86353209
05/01/2027,20,33.87120289
05/01/2027,21,33.79370049
05/01/2027,22,35.05858606
05/01/2027,23,32.72772276
05/01/2027,25,35.6012108
05/01/2027,26,33.56484511
05/01/2027,27,32.94264822
05/01/2027,28,33.12786397
05/01/2027,29,35.08720745
05/01/2027,30,33.19583457
05/01/2027,31,33.43070418
05/01/2027,32,32.90297205
05/01/2027,33,32.35001559
05/01/2027,34,34.33091936
05/01/2027,35,32.6842084
06/01/2018,5,31.6
06/01/2018,1,33.2
06/01/2018,2,32.8
06/01/2018,3,33.3
06/01/2018,4,33.1
06/01/2018,6,32.1
06/01/2018,7,35.1
06/01/2018,9,31.2
06/01/2018,8,31.8
06/01/2018,10,33.5
06/01/2018,11,33.9
06/01/2018,12,33.8
06/01/2018,13,32.3
06/01/2018,14,31.7
06/01/2018,15,35
06/01/2018,16,35.1
06/01/2018,17,32.6
06/01/2018,18,34.3
06/01/2018,19,31.6
06/01/2018,21,32.5
06/01/2018,20,33.4
06/01/2018,22,33.4
06/01/2018,23,32.3
06/01/2018,24,32.9
06/01/2018,25,35.6
06/01/2018,26,31.7
06/01/2018,27,33.3
06/01/2018,28,31.5
06/01/2018,29,34.4
06/01/2018,31,32.3
06/01/2018,32,33
06/01/2018,30,33.7
06/01/2018,33,32.6
06/01/2018,34,34.1
06/01/2018,35,31.1
06/01/2019,5,32.9
06/01/2019,1,34
06/01/2019,2,33.8
06/01/2019,3,33.6
06/01/2019,4,34.2
06/01/2019,6,33.2
06/01/2019,7,35.2
06/01/2019,9,33.2
06/01/2019,8,32.5
06/01/2019,10,33.5
06/01/2019,11,34.1
06/01/2019,12,34.1
06/01/2019,13,33.8
06/01/2019,14,33.3
06/01/2019,15,34.8
06/01/2019,16,36
06/01/2019,17,33.4
06/01/2019,18,35.1
06/01/2019,19,33.4
06/01/2019,21,33.9
06/01/2019,20,34.2
06/01/2019,22,34.8
06/01/2019,23,32.3
06/01/2019,24,33.9
06/01/2019,25,35.8
06/01/2019,26,33.5
06/01/2019,27,33.7
06/01/2019,28,32.9
06/01/2019,29,34.7
06/01/2019,31,33.4
06/01/2019,32,33.3
06/01/2019,30,34.1
06/01/2019,33,32.7
06/01/2019,34,34.1
06/01/2019,35,32.3
06/01/2020,5,32.2
06/01/2020,1,32.6
06/01/2020,2,32.3
06/01/2020,3,33.3
06/01/2020,4,33
06/01/2020,6,32.6
06/01/2020,7,34.2
06/01/2020,9,31.5
06/01/2020,8,31.8
06/01/2020,10,33.3
06/01/2020,11,33.1
06/01/2020,12,33.1
06/01/2020,13,32.5
06/01/2020,14,31.6
06/01/2020,15,34.1
06/01/2020,16,34.4
06/01/2020,17,32.4
06/01/2020,18,33.5
06/01/2020,19,32
06/01/2020,21,32.7
06/01/2020,20,32.8
06/01/2020,22,33
06/01/2020,23,32.6
06/01/2020,24,32.4
06/01/2020,25,34.7
06/01/2020,26,32.7
06/01/2020,27,32.9
06/01/2020,28,31.9
06/01/2020,29,33.4
06/01/2020,31,32.5
06/01/2020,32,32.8
06/01/2020,30,33.1
06/01/2020,33,32.1
06/01/2020,34,33.5
06/01/2020,35,33.5
06/01/2021,5,31
06/01/2021,1,33.9
06/01/2021,2,33.8
06/01/2021,3,32.7
06/01/2021,4,32
06/01/2021,6,31.6
06/01/2021,7,33.2
06/01/2021,9,30.8
06/01/2021,8,31.8
06/01/2021,10,32.5
06/01/2021,11,33.3
06/01/2021,12,32.6
06/01/2021,13,31.9
06/01/2021,14,30.9
06/01/2021,15,33.5
06/01/2021,16,33.5
06/01/2021,17,32
06/01/2021,18,35.4
06/01/2021,19,31.2
06/01/2021,21,31.6
06/01/2021,20,31.9
06/01/2021,22,32.9
06/01/2021,23,32
06/01/2021,24,33.8
06/01/2021,25,34.1
06/01/2021,26,31.4
06/01/2021,27,32.7
06/01/2021,28,31
06/01/2021,29,32.5
06/01/2021,31,31.2
06/01/2021,32,32.9
06/01/2021,30,33.1
06/01/2021,33,32.1
06/01/2021,34,32.8
06/01/2021,35,30.6
06/01/2022,5,31.6
06/01/2022,1,33.1
06/01/2022,2,32.7
06/01/2022,3,32.5
06/01/2022,4,33
06/01/2022,6,32.1
06/01/2022,7,34.6
06/01/2022,9,31.2
06/01/2022,8,31.6
06/01/2022,10,33.3
06/01/2022,11,32.2
06/01/2022,12,33.4
06/01/2022,13,31.7
06/01/2022,14,31.5
06/01/2022,15,34.4
06/01/2022,16,34.7
06/01/2022,17,32.7
06/01/2022,18,34
06/01/2022,19,32
06/01/2022,21,32.3
06/01/2022,20,33.3
06/01/2022,22,34.1
06/01/2022,23,31
06/01/2022,24,32.9
06/01/2022,25,34.9
06/01/2022,26,31.7
06/01/2022,27,31.8
06/01/2022,28,31.5
06/01/2022,29,33.9
06/01/2022,31,31.8
06/01/2022,32,31.9
06/01/2022,30,32.3
06/01/2022,33,29.8
06/01/2022,34,33.4
06/01/2022,35,31.7
06/01/2023,5,32.7
06/01/2023,1,33.5
06/01/2023,2,33.5
06/01/2023,3,34.9
06/01/2023,4,33.8
06/01/2023,6,32.9
06/01/2023,7,35.9
06/01/2023,9,32.4
06/01/2023,8,32.8
06/01/2023,10,34.2
06/01/2023,11,35.2
06/01/2023,12,33.9
06/01/2023,13,32.5
06/01/2023,14,32.3
06/01/2023,15,36.3
06/01/2023,16,35.8
06/01/2023,17,33.2
06/01/2023,18,34.7
06/01/2023,19,32.5
06/01/2023,21,32.6
06/01/2023,20,34
06/01/2023,22,34.8
06/01/2023,23,32.8
06/01/2023,24,33.5
06/01/2023,25,37.3
06/01/2023,26,33.2
06/01/2023,27,33.7
06/01/2023,28,32.5
06/01/2023,29,34.5
06/01/2023,31,32.6
06/01/2023,32,33.4
06/01/2023,30,34.9
06/01/2023,33,31.9
06/01/2023,34,34.8
06/01/2023,35,31.5
06/01/2024,1,33.00730978
06/01/2024,2,33.182995
06/01/2024,3,33.33259437
06/01/2024,4,33.17390937
06/01/2024,5,32.44256637
06/01/2024,6,32.51366125
06/01/2024,7,34.49406828
06/01/2024,8,32.54087123
06/01/2024,9,32.68745555
06/01/2024,10,33.05589924
06/01/2024,11,33.59194174
06/01/2024,12,33.68856599
06/01/2024,13,32.64165992
06/01/2024,14,32.40099411
06/01/2024,15,34.05987563
06/01/2024,16,34.67146544
06/01/2024,17,33.01730272
06/01/2024,18,33.9017304
06/01/2024,19,32.4719033
06/01/2024,20,33.04659141
06/01/2024,21,33.10987925
06/01/2024,22,33.69799122
06/01/2024,23,32.50808098
06/01/2024,25,34.5860045
06/01/2024,26,33.00457705
06/01/2024,27,32.92358738
06/01/2024,28,31.90658754
06/01/2024,29,34.14477776
06/01/2024,30,33.73074206
06/01/2024,31,32.84325246
06/01/2024,32,32.53542959
06/01/2024,33,32.01390801
06/01/2024,34,33.46147838
06/01/2024,35,31.98826138
06/01/2025,1,33.04758785
06/01/2025,2,33.21456057
06/01/2025,3,33.36805731
06/01/2025,4,33.22240848
06/01/2025,5,32.45722845
06/01/2025,6,32.52241908
06/01/2025,7,34.54834228
06/01/2025,8,32.56374416
06/01/2025,9,32.74450317
06/01/2025,10,33.086078
06/01/2025,11,33.62851674
06/01/2025,12,33.73694898
06/01/2025,13,32.66965763
06/01/2025,14,32.43571884
06/01/2025,15,34.10539027
06/01/2025,16,34.73738905
06/01/2025,17,33.0640086
06/01/2025,18,33.93902197
06/01/2025,19,32.52087708
06/01/2025,20,33.07023974
06/01/2025,21,33.17717158
06/01/2025,22,33.72215776
06/01/2025,23,32.5392707
06/01/2025,25,34.64718504
06/01/2025,26,33.04522742
06/01/2025,27,32.94485145
06/01/2025,28,31.97106332
06/01/2025,29,34.16749434
06/01/2025,30,33.76137461
06/01/2025,31,32.89544752
06/01/2025,32,32.55031495
06/01/2025,33,32.02921435
06/01/2025,34,33.51475651
06/01/2025,35,32.02845695
06/01/2026,1,33.08786593
06/01/2026,2,33.24612614
06/01/2026,3,33.40352026
06/01/2026,4,33.27090759
06/01/2026,5,32.47189054
06/01/2026,6,32.53117692
06/01/2026,7,34.60261628
06/01/2026,8,32.58661709
06/01/2026,9,32.80155079
06/01/2026,10,33.11625676
06/01/2026,11,33.66509173
06/01/2026,12,33.78533197
06/01/2026,13,32.69765533
06/01/2026,14,32.47044357
06/01/2026,15,34.15090491
06/01/2026,16,34.80331266
06/01/2026,17,33.11071449
06/01/2026,18,33.97631354
06/01/2026,19,32.56985085
06/01/2026,20,33.09388807
06/01/2026,21,33.24446392
06/01/2026,22,33.7463243
06/01/2026,23,32.57046041
06/01/2026,25,34.70836559
06/01/2026,26,33.08587779
06/01/2026,27,32.96611552
06/01/2026,28,32.03553911
06/01/2026,29,34.19021091
06/01/2026,30,33.79200715
06/01/2026,31,32.94764258
06/01/2026,32,32.56520031
06/01/2026,33,32.04452069
06/01/2026,34,33.56803464
06/01/2026,35,32.06865252
06/01/2027,1,33.128144
06/01/2027,2,33.27769171
06/01/2027,3,33.43898321
06/01/2027,4,33.3194067
06/01/2027,5,32.48655262
06/01/2027,6,32.53993475
06/01/2027,7,34.65689029
06/01/2027,8,32.60949002
06/01/2027,9,32.85859841
06/01/2027,10,33.14643553
06/01/2027,11,33.70166673
06/01/2027,12,33.83371496
06/01/2027,13,32.72565304
06/01/2027,14,32.50516829
06/01/2027,15,34.19641955
06/01/2027,16,34.86923626
06/01/2027,17,33.15742037
06/01/2027,18,34.01360511
06/01/2027,19,32.61882462
06/01/2027,20,33.11753641
06/01/2027,21,33.31175625
06/01/2027,22,33.77049083
06/01/2027,23,32.60165012
06/01/2027,25,34.76954613
06/01/2027,26,33.12652816
06/01/2027,27,32.98737959
06/01/2027,28,32.10001489
06/01/2027,29,34.21292749
06/01/2027,30,33.8226397
06/01/2027,31,32.99983764
06/01/2027,32,32.58008566
06/01/2027,33,32.05982703
06/01/2027,34,33.62131276
06/01/2027,35,32.10884809
07/01/2018,5,31.4
07/01/2018,1,31.8
07/01/2018,2,31.7
07/01/2018,3,32.9
07/01/2018,4,32.8
07/01/2018,6,31.9
07/01/2018,7,33.1
07/01/2018,9,30.7
07/01/2018,8,31.6
07/01/2018,10,32.7
07/01/2018,11,33.5
07/01/2018,12,32.6
07/01/2018,13,31.7
07/01/2018,14,30.7
07/01/2018,15,33.3
07/01/2018,16,33.5
07/01/2018,17,31.7
07/01/2018,18,32.8
07/01/2018,19,31.2
07/01/2018,21,31.4
07/01/2018,20,32.4
07/01/2018,22,31.8
07/01/2018,23,32.4
07/01/2018,24,31.6
07/01/2018,25,33.9
07/01/2018,26,31.9
07/01/2018,27,33.3
07/01/2018,28,31.1
07/01/2018,29,32.6
07/01/2018,31,31.7
07/01/2018,32,33.6
07/01/2018,30,33.4
07/01/2018,33,33.3
07/01/2018,34,33.1
07/01/2018,35,30.6
07/01/2019,5,31.1
07/01/2019,1,32.3
07/01/2019,2,31.8
07/01/2019,3,32.7
07/01/2019,4,32.4
07/01/2019,6,31.4
07/01/2019,7,34.1
07/01/2019,9,31.4
07/01/2019,8,31
07/01/2019,10,32.9
07/01/2019,11,32.8
07/01/2019,12,33.5
07/01/2019,13,31.9
07/01/2019,14,30.8
07/01/2019,15,34
07/01/2019,16,34.5
07/01/2019,17,31.7
07/01/2019,18,33.6
07/01/2019,19,31
07/01/2019,21,31.9
07/01/2019,20,33
07/01/2019,22,33.6
07/01/2019,23,32.5
07/01/2019,24,32.1
07/01/2019,25,34.5
07/01/2019,26,31.3
07/01/2019,27,32.8
07/01/2019,28,30.7
07/01/2019,29,34
07/01/2019,31,31.5
07/01/2019,32,32.6
07/01/2019,30,32.8
07/01/2019,33,32.3
07/01/2019,34,33.3
07/01/2019,35,30.6
07/01/2020,5,31.7
07/01/2020,1,32.6
07/01/2020,2,32.4
07/01/2020,3,32.4
07/01/2020,4,32.8
07/01/2020,6,32
07/01/2020,7,33.9
07/01/2020,9,31.1
07/01/2020,8,31.6
07/01/2020,10,33
07/01/2020,11,31.9
07/01/2020,12,32.9
07/01/2020,13,32.2
07/01/2020,14,31.3
07/01/2020,15,33.8
07/01/2020,16,34.5
07/01/2020,17,32.7
07/01/2020,18,33.2
07/01/2020,19,31.6
07/01/2020,21,32.4
07/01/2020,20,32.4
07/01/2020,22,33
07/01/2020,23,32
07/01/2020,24,32.3
07/01/2020,25,33.8
07/01/2020,26,32.1
07/01/2020,27,32
07/01/2020,28,31.7
07/01/2020,29,33.4
07/01/2020,31,32.2
07/01/2020,32,33
07/01/2020,30,31.9
07/01/2020,33,31.9
07/01/2020,34,33.1
07/01/2020,35,33.1
07/01/2021,5,31.2
07/01/2021,1,32.5
07/01/2021,2,32
07/01/2021,3,33.1
07/01/2021,4,32.9
07/01/2021,6,31.9
07/01/2021,7,33.4
07/01/2021,9,30.9
07/01/2021,8,31.7
07/01/2021,10,32.8
07/01/2021,11,33.5
07/01/2021,12,32.8
07/01/2021,13,32.6
07/01/2021,14,31.1
07/01/2021,15,33.9
07/01/2021,16,33.7
07/01/2021,17,31.9
07/01/2021,18,35.4
07/01/2021,19,31.4
07/01/2021,21,32.2
07/01/2021,20,32.6
07/01/2021,22,32.6
07/01/2021,23,32.5
07/01/2021,24,31.8
07/01/2021,25,34.1
07/01/2021,26,32
07/01/2021,27,32.2
07/01/2021,28,31.4
07/01/2021,29,32.8
07/01/2021,31,31.9
07/01/2021,32,32.9
07/01/2021,30,33.5
07/01/2021,33,32.9
07/01/2021,34,32.8
07/01/2021,35,30.5
07/01/2022,5,33
07/01/2022,1,33.1
07/01/2022,2,33.1
07/01/2022,3,34.1
07/01/2022,4,34
07/01/2022,6,33.2
07/01/2022,7,34.9
07/01/2022,9,32.2
07/01/2022,8,33.5
07/01/2022,10,34.2
07/01/2022,11,34.6
07/01/2022,12,33.8
07/01/2022,13,33.6
07/01/2022,14,31.7
07/01/2022,15,35
07/01/2022,16,34.5
07/01/2022,17,32.7
07/01/2022,18,33.7
07/01/2022,19,33
07/01/2022,21,33.4
07/01/2022,20,33.7
07/01/2022,22,33.7
07/01/2022,23,33.2
07/01/2022,24,32.8
07/01/2022,25,36.4
07/01/2022,26,33.6
07/01/2022,27,34.7
07/01/2022,28,32.6
07/01/2022,29,32.8
07/01/2022,31,33.1
07/01/2022,32,34
07/01/2022,30,35.5
07/01/2022,33,34
07/01/2022,34,34.4
07/01/2022,35,31.9
07/01/2023,5,33.5
07/01/2023,1,33.4
07/01/2023,2,33.5
07/01/2023,3,34.2
07/01/2023,4,34
07/01/2023,6,33.7
07/01/2023,7,35.4
07/01/2023,9,32.3
07/01/2023,8,33.4
07/01/2023,10,34.4
07/01/2023,11,34.1
07/01/2023,12,34.4
07/01/2023,13,34
07/01/2023,14,32
07/01/2023,15,35.3
07/01/2023,16,34.7
07/01/2023,17,33
07/01/2023,18,33.9
07/01/2023,19,33.2
07/01/2023,21,33.2
07/01/2023,20,33.9
07/01/2023,22,34.5
07/01/2023,23,33.6
07/01/2023,24,33.1
07/01/2023,25,35.8
07/01/2023,26,33.9
07/01/2023,27,33.9
07/01/2023,28,33
07/01/2023,29,33.9
07/01/2023,31,33.7
07/01/2023,32,34.4
07/01/2023,30,34.2
07/01/2023,33,33.2
07/01/2023,34,34.7
07/01/2023,35,34.7
07/01/2024,1,32.16918403
07/01/2024,2,32.29096731
07/01/2024,3,32.93610794
07/01/2024,4,32.4967312
07/01/2024,5,31.66780525
07/01/2024,6,31.51511609
07/01/2024,7,33.46881105
07/01/2024,8,32.02807432
07/01/2024,9,31.13190563
07/01/2024,10,32.47215406
07/01/2024,11,33.38418394
07/01/2024,12,32.88378403
07/01/2024,13,31.46955177
07/01/2024,14,30.97227532
07/01/2024,15,33.17186466
07/01/2024,16,33.33029365
07/01/2024,17,31.50543872
07/01/2024,18,32.6125489
07/01/2024,19,31.17409896
07/01/2024,20,32.3333817
07/01/2024,21,32.08598964
07/01/2024,22,32.29236001
07/01/2024,23,32.31465016
07/01/2024,25,33.62613473
07/01/2024,26,32.6489876
07/01/2024,27,32.82441632
07/01/2024,28,31.10274418
07/01/2024,29,32.68254802
07/01/2024,30,33.44099323
07/01/2024,31,31.60140103
07/01/2024,32,32.58286552
07/01/2024,33,32.11074275
07/01/2024,34,32.95884896
07/01/2024,35,30.62494802
07/01/2025,1,32.19074888
07/01/2025,2,32.30899043
07/01/2025,3,32.98291244
07/01/2025,4,32.53260098
07/01/2025,5,31.67454321
07/01/2025,6,31.51803484
07/01/2025,7,33.50914077
07/01/2025,8,32.05844865
07/01/2025,9,31.16667233
07/01/2025,10,32.50168756
07/01/2025,11,33.44063058
07/01/2025,12,32.92537993
07/01/2025,13,31.49770648
07/01/2025,14,30.99298258
07/01/2025,15,33.21429109
07/01/2025,16,33.3719965
07/01/2025,17,31.53449957
07/01/2025,18,32.63215067
07/01/2025,19,31.20564232
07/01/2025,20,32.34414884
07/01/2025,21,32.142752
07/01/2025,22,32.29959626
07/01/2025,23,32.35204044
07/01/2025,25,33.67383946
07/01/2025,26,32.69155445
07/01/2025,27,32.86867813
07/01/2025,28,31.16108835
07/01/2025,29,32.6844076
07/01/2025,30,33.48558181
07/01/2025,31,31.65702783
07/01/2025,32,32.626383
07/01/2025,33,32.15607901
07/01/2025,34,33.01498883
07/01/2025,35,30.63726917
07/01/2026,1,32.21231373
07/01/2026,2,32.32701354
07/01/2026,3,33.02971695
07/01/2026,4,32.56847077
07/01/2026,5,31.68128118
07/01/2026,6,31.52095359
07/01/2026,7,33.5494705
07/01/2026,8,32.08882298
07/01/2026,9,31.20143903
07/01/2026,10,32.53122106
07/01/2026,11,33.49707721
07/01/2026,12,32.96697583
07/01/2026,13,31.52586119
07/01/2026,14,31.01368984
07/01/2026,15,33.25671752
07/01/2026,16,33.41369935
07/01/2026,17,31.56356041
07/01/2026,18,32.65175243
07/01/2026,19,31.23718568
07/01/2026,20,32.35491599
07/01/2026,21,32.19951437
07/01/2026,22,32.30683252
07/01/2026,23,32.38943071
07/01/2026,25,33.72154418
07/01/2026,26,32.73412129
07/01/2026,27,32.91293994
07/01/2026,28,31.21943251
07/01/2026,29,32.68626718
07/01/2026,30,33.53017039
07/01/2026,31,31.71265463
07/01/2026,32,32.66990049
07/01/2026,33,32.20141526
07/01/2026,34,33.07112871
07/01/2026,35,30.64959032
07/01/2027,1,32.23387857
07/01/2027,2,32.34503666
07/01/2027,3,33.07652145
07/01/2027,4,32.60434055
07/01/2027,5,31.68801915
07/01/2027,6,31.52387234
07/01/2027,7,33.58980023
07/01/2027,8,32.11919731
07/01/2027,9,31.23620574
07/01/2027,10,32.56075457
07/01/2027,11,33.55352385
07/01/2027,12,33.00857173
07/01/2027,13,31.5540159
07/01/2027,14,31.03439711
07/01/2027,15,33.29914395
07/01/2027,16,33.4554022
07/01/2027,17,31.59262126
07/01/2027,18,32.67135419
07/01/2027,19,31.26872904
07/01/2027,20,32.36568313
07/01/2027,21,32.25627673
07/01/2027,22,32.31406877
07/01/2027,23,32.42682099
07/01/2027,25,33.7692489
07/01/2027,26,32.77668814
07/01/2027,27,32.95720175
07/01/2027,28,31.27777668
07/01/2027,29,32.68812677
07/01/2027,30,33.57475897
07/01/2027,31,31.76828143
07/01/2027,32,32.71341797
07/01/2027,33,32.24675152
07/01/2027,34,33.12726858
07/01/2027,35,30.66191147
08/01/2018,5,32.5
08/01/2018,1,32.4
08/01/2018,2,32.3
08/01/2018,3,33.3
08/01/2018,4,33.1
08/01/2018,6,32.8
08/01/2018,7,33.5
08/01/2018,9,31.5
08/01/2018,8,32.2
08/01/2018,10,33.7
08/01/2018,11,33.8
08/01/2018,12,33.1
08/01/2018,13,32.7
08/01/2018,14,31.5
08/01/2018,15,33.8
08/01/2018,16,33.8
08/01/2018,17,32.2
08/01/2018,18,33.2
08/01/2018,19,32.2
08/01/2018,21,32.5
08/01/2018,20,32.9
08/01/2018,22,32.1
08/01/2018,23,32.7
08/01/2018,24,32.4
08/01/2018,25,34.6
08/01/2018,26,32.9
08/01/2018,27,33.5
08/01/2018,28,31.6
08/01/2018,29,33
08/01/2018,31,32.5
08/01/2018,32,33.8
08/01/2018,30,33.8
08/01/2018,33,33.8
08/01/2018,34,33.3
08/01/2018,35,31.1
08/01/2019,5,32.2
08/01/2019,1,32.7
08/01/2019,2,32.4
08/01/2019,3,33.9
08/01/2019,4,33.3
08/01/2019,6,32.6
08/01/2019,7,33.5
08/01/2019,9,32.6
08/01/2019,8,31.5
08/01/2019,10,33.7
08/01/2019,11,34.6
08/01/2019,12,33.4
08/01/2019,13,32.9
08/01/2019,14,31.7
08/01/2019,15,33.9
08/01/2019,16,33.6
08/01/2019,17,32.2
08/01/2019,18,33
08/01/2019,19,32.1
08/01/2019,21,32.8
08/01/2019,20,33.1
08/01/2019,22,33
08/01/2019,23,33.5
08/01/2019,24,32.3
08/01/2019,25,34.5
08/01/2019,26,32.9
08/01/2019,27,34.1
08/01/2019,28,32.1
08/01/2019,29,33.1
08/01/2019,31,32.5
08/01/2019,32,34
08/01/2019,30,34.6
08/01/2019,33,34.3
08/01/2019,34,34.1
08/01/2019,35,34.1
08/01/2020,5,31.8
08/01/2020,1,32.1
08/01/2020,2,31.7
08/01/2020,3,33.6
08/01/2020,4,32.4
08/01/2020,6,31.9
08/01/2020,7,33.5
08/01/2020,9,30.7
08/01/2020,8,32.1
08/01/2020,10,32.9
08/01/2020,11,34
08/01/2020,12,32.7
08/01/2020,13,32.6
08/01/2020,14,30.6
08/01/2020,15,33.8
08/01/2020,16,33.4
08/01/2020,17,31.7
08/01/2020,18,32.7
08/01/2020,19,31.1
08/01/2020,21,32
08/01/2020,20,32
08/01/2020,22,32.4
08/01/2020,23,33
08/01/2020,24,31.6
08/01/2020,25,34.4
08/01/2020,26,32.4
08/01/2020,27,34.1
08/01/2020,28,31.6
08/01/2020,29,32.7
08/01/2020,31,32.5
08/01/2020,32,33.9
08/01/2020,30,34.2
08/01/2020,33,33.7
08/01/2020,34,33.8
08/01/2020,35,33.8
08/01/2021,5,31.1
08/01/2021,1,32.5
08/01/2021,2,32.6
08/01/2021,3,32.9
08/01/2021,4,33.1
08/01/2021,6,31.7
08/01/2021,7,33.7
08/01/2021,9,30.9
08/01/2021,8,32.1
08/01/2021,10,32.2
08/01/2021,11,33.2
08/01/2021,12,32.7
08/01/2021,13,32.4
08/01/2021,14,31.3
08/01/2021,15,34
08/01/2021,16,33.7
08/01/2021,17,31.9
08/01/2021,18,32.4
08/01/2021,19,31.5
08/01/2021,21,32
08/01/2021,20,32.5
08/01/2021,22,32.9
08/01/2021,23,32.1
08/01/2021,24,32.1
08/01/2021,25,34.1
08/01/2021,26,31.4
08/01/2021,27,33
08/01/2021,28,31.3
08/01/2021,29,32.2
08/01/2021,31,31.7
08/01/2021,32,32.8
08/01/2021,30,32.8
08/01/2021,33,31.8
08/01/2021,34,33
08/01/2021,35,31.3
08/01/2022,5,32.8
08/01/2022,1,32.9
08/01/2022,2,32.9
08/01/2022,3,33.8
08/01/2022,4,34.1
08/01/2022,6,33.2
08/01/2022,7,33.7
08/01/2022,9,32.3
08/01/2022,8,33.7
08/01/2022,10,34.2
08/01/2022,11,33.6
08/01/2022,12,33.5
08/01/2022,13,33.7
08/01/2022,14,31.7
08/01/2022,15,34.4
08/01/2022,16,33.8
08/01/2022,17,32.6
08/01/2022,18,33.4
08/01/2022,19,32.6
08/01/2022,21,33.1
08/01/2022,20,33.4
08/01/2022,22,33.2
08/01/2022,23,33.3
08/01/2022,24,32.8
08/01/2022,25,34.7
08/01/2022,26,33.5
08/01/2022,27,34
08/01/2022,28,32.7
08/01/2022,29,32.7
08/01/2022,31,33.4
08/01/2022,32,34
08/01/2022,30,34.7
08/01/2022,33,34.3
08/01/2022,34,34
08/01/2022,35,31.7
08/01/2023,5,31.1
08/01/2023,1,31.8
08/01/2023,2,32.1
08/01/2023,3,33.1
08/01/2023,4,32.6
08/01/2023,6,31.3
08/01/2023,7,33.9
08/01/2023,9,31
08/01/2023,8,31.6
08/01/2023,10,32.7
08/01/2023,11,33.4
08/01/2023,12,33.2
08/01/2023,13,31.8
08/01/2023,14,30.9
08/01/2023,15,34.1
08/01/2023,16,33.5
08/01/2023,17,31.7
08/01/2023,18,32.7
08/01/2023,19,31.3
08/01/2023,21,31.5
08/01/2023,20,32.4
08/01/2023,22,33
08/01/2023,23,32.7
08/01/2023,24,31.9
08/01/2023,25,34
08/01/2023,26,30.6
08/01/2023,27,33.4
08/01/2023,28,31.2
08/01/2023,29,32.8
08/01/2023,31,31.5
08/01/2023,32,32.9
08/01/2023,30,34
08/01/2023,33,32
08/01/2023,34,33.2
08/01/2023,35,33.2
08/01/2024,1,32.34513956
08/01/2024,2,32.42342876
08/01/2024,3,32.65259146
08/01/2024,4,32.62305214
08/01/2024,5,32.01080179
08/01/2024,6,32.02275124
08/01/2024,7,33.0478177
08/01/2024,8,32.25433589
08/01/2024,9,31.20997138
08/01/2024,10,32.46217914
08/01/2024,11,32.85516849
08/01/2024,12,32.76816369
08/01/2024,13,32.08592224
08/01/2024,14,30.98892136
08/01/2024,15,32.87191343
08/01/2024,16,33.0641789
08/01/2024,17,31.63817783
08/01/2024,18,32.6098772
08/01/2024,19,31.17440742
08/01/2024,20,32.47131348
08/01/2024,21,32.55908206
08/01/2024,22,32.37943307
08/01/2024,23,32.31010608
08/01/2024,25,33.18511356
08/01/2024,26,32.57500788
08/01/2024,27,32.51233544
08/01/2024,28,31.143182
08/01/2024,29,32.53010363
08/01/2024,30,33.0736236
08/01/2024,31,32.26518657
08/01/2024,32,32.40096682
08/01/2024,33,32.28956863
08/01/2024,34,32.81369276
08/01/2024,35,30.69431809
08/01/2025,1,32.36973356
08/01/2025,2,32.4413538
08/01/2025,3,32.67533228
08/01/2025,4,32.66274804
08/01/2025,5,32.00672234
08/01/2025,6,32.01309206
08/01/2025,7,33.07339823
08/01/2025,8,32.27031706
08/01/2025,9,31.24455281
08/01/2025,10,32.48105985
08/01/2025,11,32.88911216
08/01/2025,12,32.8065116
08/01/2025,13,32.1008992
08/01/2025,14,31.00583405
08/01/2025,15,32.90575902
08/01/2025,16,33.10281711
08/01/2025,17,31.67623988
08/01/2025,18,32.63374817
08/01/2025,19,31.20778183
08/01/2025,20,32.48231474
08/01/2025,21,32.61824321
08/01/2025,22,32.38828937
08/01/2025,23,32.33048263
08/01/2025,25,33.22741441
08/01/2025,26,32.5993244
08/01/2025,27,32.53241873
08/01/2025,28,31.19319417
08/01/2025,29,32.52674968
08/01/2025,30,33.10002178
08/01/2025,31,32.30095531
08/01/2025,32,32.42102513
08/01/2025,33,32.30555966
08/01/2025,34,32.85755633
08/01/2025,35,30.7041966
08/01/2026,1,32.39432756
08/01/2026,2,32.45927883
08/01/2026,3,32.69807311
08/01/2026,4,32.70244394
08/01/2026,5,32.00264289
08/01/2026,6,32.00343288
08/01/2026,7,33.09897875
08/01/2026,8,32.28629824
08/01/2026,9,31.27913424
08/01/2026,10,32.49994055
08/01/2026,11,32.92305583
08/01/2026,12,32.84485952
08/01/2026,13,32.11587616
08/01/2026,14,31.02274674
08/01/2026,15,32.9396046
08/01/2026,16,33.14145533
08/01/2026,17,31.71430193
08/01/2026,18,32.65761913
08/01/2026,19,31.24115623
08/01/2026,20,32.49331599
08/01/2026,21,32.67740435
08/01/2026,22,32.39714568
08/01/2026,23,32.35085918
08/01/2026,25,33.26971525
08/01/2026,26,32.62364092
08/01/2026,27,32.55250202
08/01/2026,28,31.24320634
08/01/2026,29,32.52339573
08/01/2026,30,33.12641997
08/01/2026,31,32.33672406
08/01/2026,32,32.44108343
08/01/2026,33,32.32155069
08/01/2026,34,32.90141991
08/01/2026,35,30.71407511
08/01/2027,1,32.41892157
08/01/2027,2,32.47720387
08/01/2027,3,32.72081394
08/01/2027,4,32.74213984
08/01/2027,5,31.99856344
08/01/2027,6,31.99377369
08/01/2027,7,33.12455927
08/01/2027,8,32.30227941
08/01/2027,9,31.31371568
08/01/2027,10,32.51882125
08/01/2027,11,32.95699949
08/01/2027,12,32.88320743
08/01/2027,13,32.13085312
08/01/2027,14,31.03965943
08/01/2027,15,32.97345019
08/01/2027,16,33.18009354
08/01/2027,17,31.75236399
08/01/2027,18,32.6814901
08/01/2027,19,31.27453064
08/01/2027,20,32.50431725
08/01/2027,21,32.73656549
08/01/2027,22,32.40600198
08/01/2027,23,32.37123573
08/01/2027,25,33.3120161
08/01/2027,26,32.64795744
08/01/2027,27,32.57258532
08/01/2027,28,31.29321852
08/01/2027,29,32.52004177
08/01/2027,30,33.15281816
08/01/2027,31,32.37249281
08/01/2027,32,32.46114174
08/01/2027,33,32.33754172
08/01/2027,34,32.94528348
08/01/2027,35,30.72395362
09/01/2018,5,33.1
09/01/2018,1,33.5
09/01/2018,2,33.6
09/01/2018,3,33.6
09/01/2018,4,33.9
09/01/2018,6,33
09/01/2018,7,34.2
09/01/2018,9,32.2
09/01/2018,8,32.7
09/01/2018,10,34.1
09/01/2018,11,33.3
09/01/2018,12,33.7
09/01/2018,13,33.4
09/01/2018,14,32.4
09/01/2018,15,34.2
09/01/2018,16,34.6
09/01/2018,17,33.6
09/01/2018,18,34.2
09/01/2018,19,32.5
09/01/2018,21,33.3
09/01/2018,20,33.8
09/01/2018,22,33.1
09/01/2018,23,32.7
09/01/2018,24,33.5
09/01/2018,25,34.3
09/01/2018,26,33
09/01/2018,27,32.9
09/01/2018,28,32.4
09/01/2018,29,33.8
09/01/2018,31,33.2
09/01/2018,32,33.4
09/01/2018,30,33.4
09/01/2018,33,32.9
09/01/2018,34,33.5
09/01/2018,35,33.6
09/01/2019,5,32.1
09/01/2019,1,32.3
09/01/2019,2,32.1
09/01/2019,3,32.3
09/01/2019,4,33.3
09/01/2019,6,32.4
09/01/2019,7,32.9
09/01/2019,9,32.4
09/01/2019,8,31.4
09/01/2019,10,33.3
09/01/2019,11,31.9
09/01/2019,12,31.1
09/01/2019,13,32.7
09/01/2019,14,31.8
09/01/2019,15,32.6
09/01/2019,16,32.7
09/01/2019,17,31.8
09/01/2019,18,31.9
09/01/2019,19,31.7
09/01/2019,21,32.4
09/01/2019,20,32.5
09/01/2019,22,32.5
09/01/2019,23,32.6
09/01/2019,24,32.7
09/01/2019,25,33.4
09/01/2019,26,33.1
09/01/2019,27,31.5
09/01/2019,28,31.6
09/01/2019,29,31.7
09/01/2019,31,32.6
09/01/2019,32,33.3
09/01/2019,30,31.9
09/01/2019,33,33.2
09/01/2019,34,33.3
09/01/2019,35,33.4
09/01/2020,5,32.4
09/01/2020,1,33.1
09/01/2020,2,32.9
09/01/2020,3,32.6
09/01/2020,4,33.4
09/01/2020,6,32.8
09/01/2020,7,34
09/01/2020,9,32.4
09/01/2020,8,32.6
09/01/2020,10,33.5
09/01/2020,11,31.8
09/01/2020,12,33.1
09/01/2020,13,32.9
09/01/2020,14,31.8
09/01/2020,15,33.5
09/01/2020,16,34
09/01/2020,17,32.8
09/01/2020,18,33.4
09/01/2020,19,32.5
09/01/2020,21,32.8
09/01/2020,20,32.8
09/01/2020,22,33.1
09/01/2020,23,32.1
09/01/2020,24,33
09/01/2020,25,34
09/01/2020,26,33
09/01/2020,27,31.4
09/01/2020,28,32.7
09/01/2020,29,33.1
09/01/2020,31,31.8
09/01/2020,32,33
09/01/2020,30,31.9
09/01/2020,33,31.9
09/01/2020,34,33.6
09/01/2020,35,33.6
09/01/2021,5,32.7
09/01/2021,1,32.7
09/01/2021,2,32.8
09/01/2021,3,33.6
09/01/2021,4,33.4
09/01/2021,6,31.9
09/01/2021,7,33.4
09/01/2021,9,32.2
09/01/2021,8,33.6
09/01/2021,10,33.8
09/01/2021,11,33.9
09/01/2021,12,33
09/01/2021,13,34.3
09/01/2021,14,31.9
09/01/2021,15,33.4
09/01/2021,16,33.3
09/01/2021,17,33.9
09/01/2021,18,32.7
09/01/2021,19,32.4
09/01/2021,21,33.1
09/01/2021,20,32.5
09/01/2021,22,32.7
09/01/2021,23,33.6
09/01/2021,24,32.1
09/01/2021,25,34.1
09/01/2021,26,33.5
09/01/2021,27,33.7
09/01/2021,28,32.9
09/01/2021,29,31.7
09/01/2021,31,33.6
09/01/2021,32,34.3
09/01/2021,30,34
09/01/2021,33,34.5
09/01/2021,34,33.6
09/01/2021,35,31.7
09/01/2022,5,32.4
09/01/2022,1,32.8
09/01/2022,2,33
09/01/2022,3,32.8
09/01/2022,4,33.1
09/01/2022,6,32.5
09/01/2022,7,33.7
09/01/2022,9,32.1
09/01/2022,8,32.8
09/01/2022,10,32.8
09/01/2022,11,32.8
09/01/2022,12,32.8
09/01/2022,13,32.6
09/01/2022,14,32.3
09/01/2022,15,33.7
09/01/2022,16,33.7
09/01/2022,17,32.5
09/01/2022,18,33.2
09/01/2022,19,32.4
09/01/2022,21,32.6
09/01/2022,20,32.9
09/01/2022,22,33.2
09/01/2022,23,32.3
09/01/2022,24,32.8
09/01/2022,25,34
09/01/2022,26,32.8
09/01/2022,27,32.8
09/01/2022,28,32.5
09/01/2022,29,32.7
09/01/2022,31,33
09/01/2022,32,33.6
09/01/2022,30,33.7
09/01/2022,33,33.2
09/01/2022,34,33
09/01/2022,35,31.5
09/01/2023,5,33
09/01/2023,1,32.9
09/01/2023,2,33
09/01/2023,3,34
09/01/2023,4,33.7
09/01/2023,6,33.1
09/01/2023,7,34.1
09/01/2023,9,32.5
09/01/2023,8,33.5
09/01/2023,10,34
09/01/2023,11,33.4
09/01/2023,12,33.6
09/01/2023,13,33.8
09/01/2023,14,32.1
09/01/2023,15,34.3
09/01/2023,16,33.9
09/01/2023,17,32.6
09/01/2023,18,33.2
09/01/2023,19,32.5
09/01/2023,21,32.8
09/01/2023,20,32.9
09/01/2023,22,33.2
09/01/2023,23,33.5
09/01/2023,24,32.6
09/01/2023,25,34.3
09/01/2023,26,33.6
09/01/2023,27,34.1
09/01/2023,28,33.1
09/01/2023,29,33.1
09/01/2023,31,34.4
09/01/2023,32,34.9
09/01/2023,30,34.3
09/01/2023,33,34.4
09/01/2023,34,34.2
09/01/2023,35,34.2
09/01/2024,1,32.5347324
09/01/2024,2,32.58874739
09/01/2024,3,32.82483827
09/01/2024,4,32.7610099
09/01/2024,5,32.34749824
09/01/2024,6,32.32206398
09/01/2024,7,33.35508581
09/01/2024,8,32.4774926
09/01/2024,9,32.40051074
09/01/2024,10,32.60841177
09/01/2024,11,32.94599278
09/01/2024,12,32.91622819
09/01/2024,13,32.4991272
09/01/2024,14,32.47683623
09/01/2024,15,33.05566676
09/01/2024,16,33.31388767
09/01/2024,17,32.70830212
09/01/2024,18,32.81565238
09/01/2024,19,32.36399579
09/01/2024,20,32.61180892
09/01/2024,21,32.68554608
09/01/2024,22,32.59283556
09/01/2024,23,32.55504651
09/01/2024,25,33.26532893
09/01/2024,26,32.67529662
09/01/2024,27,32.6230886
09/01/2024,28,32.55595985
09/01/2024,29,32.80506841
09/01/2024,30,32.9170953
09/01/2024,31,32.68345103
09/01/2024,32,32.59638127
09/01/2024,33,32.6989159
09/01/2024,34,32.98485974
09/01/2024,35,32.19968823
09/01/2025,1,32.5660749
09/01/2025,2,32.61228902
09/01/2025,3,32.87463353
09/01/2025,4,32.8112014
09/01/2025,5,32.35679134
09/01/2025,6,32.3229252
09/01/2025,7,33.40645785
09/01/2025,8,32.51123083
09/01/2025,9,32.4327603
09/01/2025,10,32.63827528
09/01/2025,11,33.01568313
09/01/2025,12,32.97213906
09/01/2025,13,32.52468717
09/01/2025,14,32.51639366
09/01/2025,15,33.10792599
09/01/2025,16,33.36095159
09/01/2025,17,32.75114195
09/01/2025,18,32.84822076
09/01/2025,19,32.39340806
09/01/2025,20,32.62577734
09/01/2025,21,32.7459087
09/01/2025,22,32.60978183
09/01/2025,23,32.6107063
09/01/2025,25,33.31814992
09/01/2025,26,32.7099475
09/01/2025,27,32.67894147
09/01/2025,28,32.61417905
09/01/2025,29,32.81695993
09/01/2025,30,32.95320683
09/01/2025,31,32.73136852
09/01/2025,32,32.64685063
09/01/2025,33,32.75874274
09/01/2025,34,33.04980244
09/01/2025,35,32.21136228
09/01/2026,1,32.5974174
09/01/2026,2,32.63583066
09/01/2026,3,32.92442879
09/01/2026,4,32.86139289
09/01/2026,5,32.36608444
09/01/2026,6,32.32378642
09/01/2026,7,33.45782989
09/01/2026,8,32.54496905
09/01/2026,9,32.46500985
09/01/2026,10,32.66813879
09/01/2026,11,33.08537348
09/01/2026,12,33.02804994
09/01/2026,13,32.55024714
09/01/2026,14,32.55595108
09/01/2026,15,33.16018522
09/01/2026,16,33.40801551
09/01/2026,17,32.79398177
09/01/2026,18,32.88078913
09/01/2026,19,32.42282034
09/01/2026,20,32.63974577
09/01/2026,21,32.80627132
09/01/2026,22,32.6267281
09/01/2026,23,32.6663661
09/01/2026,25,33.3709709
09/01/2026,26,32.74459838
09/01/2026,27,32.73479433
09/01/2026,28,32.67239825
09/01/2026,29,32.82885145
09/01/2026,30,32.98931837
09/01/2026,31,32.77928601
09/01/2026,32,32.69732
09/01/2026,33,32.81856958
09/01/2026,34,33.11474514
09/01/2026,35,32.22303633
09/01/2027,1,32.6287599
09/01/2027,2,32.65937229
09/01/2027,3,32.97422406
09/01/2027,4,32.91158439
09/01/2027,5,32.37537754
09/01/2027,6,32.32464763
09/01/2027,7,33.50920193
09/01/2027,8,32.57870727
09/01/2027,9,32.49725941
09/01/2027,10,32.6980023
09/01/2027,11,33.15506382
09/01/2027,12,33.08396081
09/01/2027,13,32.57580711
09/01/2027,14,32.5955085
09/01/2027,15,33.21244446
09/01/2027,16,33.45507942
09/01/2027,17,32.8368216
09/01/2027,18,32.9133575
09/01/2027,19,32.45223261
09/01/2027,20,32.65371419
09/01/2027,21,32.86663394
09/01/2027,22,32.64367437
09/01/2027,23,32.72202589
09/01/2027,25,33.42379188
09/01/2027,26,32.77924926
09/01/2027,27,32.7906472
09/01/2027,28,32.73061745
09/01/2027,29,32.84074297
09/01/2027,30,33.0254299
09/01/2027,31,32.82720351
09/01/2027,32,32.74778937
09/01/2027,33,32.87839642
09/01/2027,34,33.17968785
09/01/2027,35,32.23471038
10/01/2018,5,30.8
10/01/2018,1,31.6
10/01/2018,2,32.1
10/01/2018,3,31.6
10/01/2018,4,32.1
10/01/2018,6,30.6
10/01/2018,7,32.6
10/01/2018,9,30.4
10/01/2018,8,30.9
10/01/2018,10,31.9
10/01/2018,11,31.3
10/01/2018,12,31.4
10/01/2018,13,31.1
10/01/2018,14,31.2
10/01/2018,15,32
10/01/2018,16,33
10/01/2018,17,34
10/01/2018,18,32.6
10/01/2018,19,32.7
10/01/2018,21,31.4
10/01/2018,20,32.3
10/01/2018,22,32.4
10/01/2018,23,30.9
10/01/2018,24,31.5
10/01/2018,25,32.1
10/01/2018,26,30.3
10/01/2018,27,30.8
10/01/2018,28,30.7
10/01/2018,29,32.4
10/01/2018,31,31.2
10/01/2018,32,31.2
10/01/2018,30,31.4
10/01/2018,33,31.5
10/01/2018,34,31.4
10/01/2018,35,31.5
10/01/2019,5,32.1
10/01/2019,1,32.1
10/01/2019,2,32
10/01/2019,3,31.4
10/01/2019,4,32.5
10/01/2019,6,32.6
10/01/2019,7,31.7
10/01/2019,9,31.5
10/01/2019,8,32.4
10/01/2019,10,32
10/01/2019,11,30.7
10/01/2019,12,30.8
10/01/2019,13,30.9
10/01/2019,14,30.1
10/01/2019,15,30.11
10/01/2019,16,30.12
10/01/2019,17,31.8
10/01/2019,18,31.9
10/01/2019,19,32
10/01/2019,21,31.8
10/01/2019,20,31.9
10/01/2019,22,32.1
10/01/2019,23,32.2
10/01/2019,24,32.3
10/01/2019,25,31.3
10/01/2019,26,32.3
10/01/2019,27,30.6
10/01/2019,28,30.7
10/01/2019,29,30.8
10/01/2019,31,30.9
10/01/2019,32,30.1
10/01/2019,30,31
10/01/2019,33,31.5
10/01/2019,34,31.6
10/01/2019,35,31.7
10/01/2020,5,33.4
10/01/2020,1,32.8
10/01/2020,2,33
10/01/2020,3,33
10/01/2020,4,33.5
10/01/2020,6,33
10/01/2020,7,33.4
10/01/2020,9,32.7
10/01/2020,8,33
10/01/2020,10,33.1
10/01/2020,11,33.6
10/01/2020,12,33.3
10/01/2020,13,33
10/01/2020,14,32.3
10/01/2020,15,33.2
10/01/2020,16,33.5
10/01/2020,17,32.7
10/01/2020,18,32.9
10/01/2020,19,32.8
10/01/2020,21,32.7
10/01/2020,20,32.7
10/01/2020,22,32.7
10/01/2020,23,32.8
10/01/2020,24,32.4
10/01/2020,25,33.6
10/01/2020,26,33.6
10/01/2020,27,33.1
10/01/2020,28,33.3
10/01/2020,29,33
10/01/2020,31,32.6
10/01/2020,32,33.2
10/01/2020,30,33.7
10/01/2020,33,32.6
10/01/2020,34,33
10/01/2020,35,33
10/01/2021,5,33.4
10/01/2021,1,33.4
10/01/2021,2,33.4
10/01/2021,3,33.2
10/01/2021,4,33.7
10/01/2021,6,32.2
10/01/2021,7,33.1
10/01/2021,9,32.5
10/01/2021,8,32.9
10/01/2021,10,34.1
10/01/2021,11,32.2
10/01/2021,12,33.2
10/01/2021,13,33.8
10/01/2021,14,32.9
10/01/2021,15,33
10/01/2021,16,33.7
10/01/2021,17,32.9
10/01/2021,18,32.7
10/01/2021,19,32.9
10/01/2021,21,33.1
10/01/2021,20,32.6
10/01/2021,22,32.8
10/01/2021,23,33.1
10/01/2021,24,32.9
10/01/2021,25,33.1
10/01/2021,26,33
10/01/2021,27,32.3
10/01/2021,28,33.4
10/01/2021,29,32.3
10/01/2021,31,33.7
10/01/2021,32,33.4
10/01/2021,30,32.9
10/01/2021,33,33.5
10/01/2021,34,33.2
10/01/2021,35,32.5
10/01/2022,5,32.8
10/01/2022,1,32.4
10/01/2022,2,32.7
10/01/2022,3,32.6
10/01/2022,4,33.1
10/01/2022,6,32.9
10/01/2022,7,32.7
10/01/2022,9,33.4
10/01/2022,8,32.8
10/01/2022,10,32.7
10/01/2022,11,32.5
10/01/2022,12,32.9
10/01/2022,13,32.8
10/01/2022,14,32.1
10/01/2022,15,32.6
10/01/2022,16,32.8
10/01/2022,17,32.4
10/01/2022,18,32.6
10/01/2022,19,32.7
10/01/2022,21,31.8
10/01/2022,20,31.5
10/01/2022,22,32.2
10/01/2022,23,32.1
10/01/2022,24,33.2
10/01/2022,25,33
10/01/2022,26,32.8
10/01/2022,27,32
10/01/2022,28,33.2
10/01/2022,29,32
10/01/2022,31,33
10/01/2022,32,32.2
10/01/2022,30,33.2
10/01/2022,33,32.1
10/01/2022,34,32.4
10/01/2022,35,32.4
10/01/2023,5,32.3
10/01/2023,1,32.4
10/01/2023,2,32.8
10/01/2023,3,32.3
10/01/2023,4,32.8
10/01/2023,6,32.3
10/01/2023,7,32.9
10/01/2023,9,32.6
10/01/2023,8,32.3
10/01/2023,10,32.8
10/01/2023,11,31.7
10/01/2023,12,33
10/01/2023,13,32.7
10/01/2023,14,31.5
10/01/2023,15,32.3
10/01/2023,16,33.2
10/01/2023,17,32.4
10/01/2023,18,33.1
10/01/2023,19,33.1
10/01/2023,21,31.7
10/01/2023,20,32.1
10/01/2023,22,33.1
10/01/2023,23,31.6
10/01/2023,24,32.6
10/01/2023,25,32.4
10/01/2023,26,32
10/01/2023,27,31.8
10/01/2023,28,32.4
10/01/2023,29,32.6
10/01/2023,31,33.5
10/01/2023,32,32.4
10/01/2023,30,32.6
10/01/2023,33,31.8
10/01/2023,34,32.7
10/01/2023,35,32.7
10/01/2024,1,32.21528815
10/01/2024,2,32.3109669
10/01/2024,3,32.35608708
10/01/2024,4,32.52609035
10/01/2024,5,32.30364565
10/01/2024,6,32.25351936
10/01/2024,7,32.8640607
10/01/2024,8,32.1396141
10/01/2024,9,32.34076684
10/01/2024,10,32.34157427
10/01/2024,11,32.00337351
10/01/2024,12,32.49193055
10/01/2024,13,32.2901804
10/01/2024,14,32.34710798
10/01/2024,15,32.58536982
10/01/2024,16,33.14373688
10/01/2024,17,32.50696022
10/01/2024,18,32.53766584
10/01/2024,19,32.31959798
10/01/2024,20,32.40047073
10/01/2024,21,32.27906557
10/01/2024,22,32.30439976
10/01/2024,23,32.00162213
10/01/2024,25,32.52952833
10/01/2024,26,32.34044327
10/01/2024,27,31.84120586
10/01/2024,28,32.46635996
10/01/2024,29,32.43634615
10/01/2024,30,32.02207854
10/01/2024,31,32.61903595
10/01/2024,32,32.31236766
10/01/2024,33,32.33988912
10/01/2024,34,32.57754291
10/01/2024,35,32.20884465
10/01/2025,1,32.23130579
10/01/2025,2,32.31937588
10/01/2025,3,32.37982991
10/01/2025,4,32.5675581
10/01/2025,5,32.3156696
10/01/2025,6,32.2503734
10/01/2025,7,32.88964437
10/01/2025,8,32.15363367
10/01/2025,9,32.36599743
10/01/2025,10,32.35142173
10/01/2025,11,32.04171354
10/01/2025,12,32.52176125
10/01/2025,13,32.29807512
10/01/2025,14,32.38384176
10/01/2025,15,32.61566579
10/01/2025,16,33.17446509
10/01/2025,17,32.53075331
10/01/2025,18,32.55772154
10/01/2025,19,32.34818518
10/01/2025,20,32.3998507
10/01/2025,21,32.30476113
10/01/2025,22,32.30957386
10/01/2025,23,32.02722059
10/01/2025,25,32.55454398
10/01/2025,26,32.35939544
10/01/2025,27,31.87179163
10/01/2025,28,32.51754161
10/01/2025,29,32.4188987
10/01/2025,30,32.03573733
10/01/2025,31,32.65779443
10/01/2025,32,32.34786287
10/01/2025,33,32.3913379
10/01/2025,34,32.61188186
10/01/2025,35,32.21676007
10/01/2026,1,32.24732343
10/01/2026,2,32.32778486
10/01/2026,3,32.40357273
10/01/2026,4,32.60902586
10/01/2026,5,32.32769355
10/01/2026,6,32.24722743
10/01/2026,7,32.91522805
10/01/2026,8,32.16765324
10/01/2026,9,32.39122801
10/01/2026,10,32.36126918
10/01/2026,11,32.08005356
10/01/2026,12,32.55159195
10/01/2026,13,32.30596985
10/01/2026,14,32.42057554
10/01/2026,15,32.64596175
10/01/2026,16,33.2051933
10/01/2026,17,32.55454641
10/01/2026,18,32.57777723
10/01/2026,19,32.37677238
10/01/2026,20,32.39923068
10/01/2026,21,32.33045669
10/01/2026,22,32.31474797
10/01/2026,23,32.05281905
10/01/2026,25,32.57955963
10/01/2026,26,32.3783476
10/01/2026,27,31.90237741
10/01/2026,28,32.56872325
10/01/2026,29,32.40145126
10/01/2026,30,32.04939612
10/01/2026,31,32.6965529
10/01/2026,32,32.38335808
10/01/2026,33,32.44278668
10/01/2026,34,32.6462208
10/01/2026,35,32.2246755
10/01/2027,1,32.26334108
10/01/2027,2,32.33619384
10/01/2027,3,32.42731555
10/01/2027,4,32.65049361
10/01/2027,5,32.33971751
10/01/2027,6,32.24408147
10/01/2027,7,32.94081173
10/01/2027,8,32.1816728
10/01/2027,9,32.4164586
10/01/2027,10,32.37111664
10/01/2027,11,32.11839359
10/01/2027,12,32.58142265
10/01/2027,13,32.31386457
10/01/2027,14,32.45730931
10/01/2027,15,32.67625772
10/01/2027,16,33.23592151
10/01/2027,17,32.5783395
10/01/2027,18,32.59783292
10/01/2027,19,32.40535958
10/01/2027,20,32.39861065
10/01/2027,21,32.35615225
10/01/2027,22,32.31992207
10/01/2027,23,32.07841752
10/01/2027,25,32.60457528
10/01/2027,26,32.39729977
10/01/2027,27,31.93296318
10/01/2027,28,32.6199049
10/01/2027,29,32.38400381
10/01/2027,30,32.06305491
10/01/2027,31,32.73531137
10/01/2027,32,32.41885328
10/01/2027,33,32.49423546
10/01/2027,34,32.68055975
10/01/2027,35,32.23259092
11/01/2018,5,30.1
11/01/2018,1,30.3
11/01/2018,2,31.2
11/01/2018,3,30.4
11/01/2018,4,30.6
11/01/2018,6,30.4
11/01/2018,7,30.5
11/01/2018,9,30.6
11/01/2018,8,29.7
11/01/2018,10,30.2
11/01/2018,11,29.6
11/01/2018,12,29.7
11/01/2018,13,31.4
11/01/2018,14,31.5
11/01/2018,15,29.9
11/01/2018,16,29.1
11/01/2018,17,29.11
11/01/2018,18,29.12
11/01/2018,19,29.13
11/01/2018,21,30.5
11/01/2018,20,30.6
11/01/2018,22,30.7
11/01/2018,23,29.3
11/01/2018,24,30.3
11/01/2018,25,30
11/01/2018,26,29.4
11/01/2018,27,29.2
11/01/2018,28,29.3
11/01/2018,29,30.4
11/01/2018,31,30.7
11/01/2018,32,29.7
11/01/2018,30,29.7
11/01/2018,33,29.8
11/01/2018,34,29.9
11/01/2018,35,29.1
11/01/2019,5,31.2
11/01/2019,1,31.3
11/01/2019,2,30.2
11/01/2019,3,30.7
11/01/2019,4,30.8
11/01/2019,6,30.9
11/01/2019,7,29.8
11/01/2019,9,29.9
11/01/2019,8,31.3
11/01/2019,10,30.3
11/01/2019,11,29.9
11/01/2019,12,29.1
11/01/2019,13,29.11
11/01/2019,14,29.12
11/01/2019,15,29.13
11/01/2019,16,29.14
11/01/2019,17,30.1
11/01/2019,18,30.2
11/01/2019,19,30.7
11/01/2019,21,30.8
11/01/2019,20,30.9
11/01/2019,22,29.7
11/01/2019,23,29.8
11/01/2019,24,29.9
11/01/2019,25,29.9
11/01/2019,26,30.4
11/01/2019,27,29.9
11/01/2019,28,29.1
11/01/2019,29,29.11
11/01/2019,31,29.12
11/01/2019,32,29.13
11/01/2019,30,30.2
11/01/2019,33,30.1
11/01/2019,34,30.2
11/01/2019,35,30.3
11/01/2020,5,31.6
11/01/2020,1,30.5
11/01/2020,2,30.6
11/01/2020,3,30.5
11/01/2020,4,31
11/01/2020,6,31
11/01/2020,7,30.1
11/01/2020,9,31.2
11/01/2020,8,30.5
11/01/2020,10,30.7
11/01/2020,11,29.7
11/01/2020,12,30.5
11/01/2020,13,30.8
11/01/2020,14,30.1
11/01/2020,15,29.9
11/01/2020,16,30.6
11/01/2020,17,29.6
11/01/2020,18,30.5
11/01/2020,19,30.6
11/01/2020,21,30.1
11/01/2020,20,30.2
11/01/2020,22,30.2
11/01/2020,23,30.1
11/01/2020,24,29.8
11/01/2020,25,30.2
11/01/2020,26,30.2
11/01/2020,27,29.4
11/01/2020,28,31
11/01/2020,29,33
11/01/2020,31,31.7
11/01/2020,32,30.6
11/01/2020,30,29.6
11/01/2020,33,30.3
11/01/2020,34,30.4
11/01/2020,35,30.5
11/01/2021,5,30.5
11/01/2021,1,30.5
11/01/2021,2,30.2
11/01/2021,3,30
11/01/2021,4,30.4
11/01/2021,6,32.2
11/01/2021,7,28.7
11/01/2021,9,31.8
11/01/2021,8,29.9
11/01/2021,10,29.1
11/01/2021,11,29.5
11/01/2021,12,29.2
11/01/2021,13,30.9
11/01/2021,14,30.8
11/01/2021,15,28.9
11/01/2021,16,29.8
11/01/2021,17,30
11/01/2021,18,32.2
11/01/2021,19,31.3
11/01/2021,21,29.7
11/01/2021,20,29.2
11/01/2021,22,29.9
11/01/2021,23,29.1
11/01/2021,24,30
11/01/2021,25,29.4
11/01/2021,26,30.3
11/01/2021,27,29.5
11/01/2021,28,31.3
11/01/2021,29,29
11/01/2021,31,31.8
11/01/2021,32,30.2
11/01/2021,30,29.9
11/01/2021,33,30.4
11/01/2021,34,29.6
11/01/2021,35,29.7
11/01/2022,5,31.9
11/01/2022,1,30.9
11/01/2022,2,31.1
11/01/2022,3,31
11/01/2022,4,31.3
11/01/2022,6,31.4
11/01/2022,7,30
11/01/2022,9,32.2
11/01/2022,8,31.7
11/01/2022,10,31
11/01/2022,11,30.2
11/01/2022,12,30.5
11/01/2022,13,31.7
11/01/2022,14,30.4
11/01/2022,15,30.2
11/01/2022,16,30.9
11/01/2022,17,32.5
11/01/2022,18,30.6
11/01/2022,19,31.5
11/01/2022,21,30.6
11/01/2022,20,29.6
11/01/2022,22,30.2
11/01/2022,23,30.4
11/01/2022,24,30.5
11/01/2022,25,30.3
11/01/2022,26,31.3
11/01/2022,27,30
11/01/2022,28,31.9
11/01/2022,29,30
11/01/2022,31,32.1
11/01/2022,32,31.6
11/01/2022,30,30.6
11/01/2022,33,31.3
11/01/2022,34,30.5
11/01/2022,35,31.5
11/01/2023,5,32.65
11/01/2023,1,32.65
11/01/2023,2,32.9
11/01/2023,3,33.15
11/01/2023,4,33.25
11/01/2023,6,32.7
11/01/2023,7,33.5
11/01/2023,9,32.55
11/01/2023,8,32.9
11/01/2023,10,33.4
11/01/2023,11,32.55
11/01/2023,12,33.3
11/01/2023,13,33.25
11/01/2023,14,31.8
11/01/2023,15,33.3
11/01/2023,16,33.55
11/01/2023,17,32.5
11/01/2023,18,33.15
11/01/2023,19,32.8
11/01/2023,21,32.25
11/01/2023,20,32.5
11/01/2023,22,33.15
11/01/2023,23,32.55
11/01/2023,24,32.6
11/01/2023,25,33.35
11/01/2023,26,32.8
11/01/2023,27,32.95
11/01/2023,28,32.75
11/01/2023,29,32.85
11/01/2023,31,33.95
11/01/2023,32,33.65
11/01/2023,30,33.45
11/01/2023,33,33.1
11/01/2023,34,33.45
11/01/2023,35,33.45
11/01/2024,1,31.15255043
11/01/2024,2,31.11732939
11/01/2024,3,30.83751828
11/01/2024,4,31.49661833
11/01/2024,5,31.84208866
11/01/2024,6,31.78059735
11/01/2024,7,30.95433642
11/01/2024,8,30.52400582
11/01/2024,9,32.15054999
11/01/2024,10,31.36601555
11/01/2024,11,30.21303576
11/01/2024,12,30.98750767
11/01/2024,13,31.65841248
11/01/2024,14,31.67864801
11/01/2024,15,30.65188305
11/01/2024,16,31.98022155
11/01/2024,17,31.60671984
11/01/2024,18,31.04194994
11/01/2024,19,31.67909101
11/01/2024,20,31.42685688
11/01/2024,21,31.11971282
11/01/2024,22,30.7212513
11/01/2024,23,30.49426725
11/01/2024,25,30.67727421
11/01/2024,26,31.83743134
11/01/2024,27,30.23474889
11/01/2024,28,31.66841696
11/01/2024,29,30.82062926
11/01/2024,30,30.46111993
11/01/2024,31,32.02432004
11/01/2024,32,31.09818996
11/01/2024,33,31.50991331
11/01/2024,34,31.25752273
11/01/2024,35,32.01940572
11/01/2025,1,31.17171467
11/01/2025,2,31.12356112
11/01/2025,3,30.8422211
11/01/2025,4,31.54416964
11/01/2025,5,31.87004639
11/01/2025,6,31.78655202
11/01/2025,7,30.97036545
11/01/2025,8,30.5218184
11/01/2025,9,32.18774327
11/01/2025,10,31.36278866
11/01/2025,11,30.23893034
11/01/2025,12,31.01796603
11/01/2025,13,31.66386957
11/01/2025,14,31.7285049
11/01/2025,15,30.66116393
11/01/2025,16,32.0096486
11/01/2025,17,31.63091337
11/01/2025,18,31.06141875
11/01/2025,19,31.70639277
11/01/2025,20,31.43096027
11/01/2025,21,31.13143882
11/01/2025,22,30.72758387
11/01/2025,23,30.49756035
11/01/2025,25,30.69969896
11/01/2025,26,31.87477435
11/01/2025,27,30.25935292
11/01/2025,28,31.72452188
11/01/2025,29,30.79224831
11/01/2025,30,30.47395721
11/01/2025,31,32.0712057
11/01/2025,32,31.13807435
11/01/2025,33,31.54569737
11/01/2025,34,31.27550062
11/01/2025,35,32.04256793
11/01/2026,1,31.19087892
11/01/2026,2,31.12979285
11/01/2026,3,30.84692393
11/01/2026,4,31.59172095
11/01/2026,5,31.89800412
11/01/2026,6,31.7925067
11/01/2026,7,30.98639448
11/01/2026,8,30.51963098
11/01/2026,9,32.22493655
11/01/2026,10,31.35956177
11/01/2026,11,30.26482491
11/01/2026,12,31.0484244
11/01/2026,13,31.66932666
11/01/2026,14,31.77836179
11/01/2026,15,30.67044481
11/01/2026,16,32.03907564
11/01/2026,17,31.65510691
11/01/2026,18,31.08088756
11/01/2026,19,31.73369452
11/01/2026,20,31.43506366
11/01/2026,21,31.14316482
11/01/2026,22,30.73391644
11/01/2026,23,30.50085345
11/01/2026,25,30.72212372
11/01/2026,26,31.91211736
11/01/2026,27,30.28395694
11/01/2026,28,31.78062679
11/01/2026,29,30.76386736
11/01/2026,30,30.48679449
11/01/2026,31,32.11809137
11/01/2026,32,31.17795875
11/01/2026,33,31.58148143
11/01/2026,34,31.29347852
11/01/2026,35,32.06573014
11/01/2027,1,31.21004317
11/01/2027,2,31.13602458
11/01/2027,3,30.85162676
11/01/2027,4,31.63927226
11/01/2027,5,31.92596184
11/01/2027,6,31.79846137
11/01/2027,7,31.00242351
11/01/2027,8,30.51744356
11/01/2027,9,32.26212983
11/01/2027,10,31.35633488
11/01/2027,11,30.29071949
11/01/2027,12,31.07888276
11/01/2027,13,31.67478375
11/01/2027,14,31.82821867
11/01/2027,15,30.67972568
11/01/2027,16,32.06850268
11/01/2027,17,31.67930044
11/01/2027,18,31.10035636
11/01/2027,19,31.76099628
11/01/2027,20,31.43916704
11/01/2027,21,31.15489082
11/01/2027,22,30.74024901
11/01/2027,23,30.50414655
11/01/2027,25,30.74454847
11/01/2027,26,31.94946037
11/01/2027,27,30.30856096
11/01/2027,28,31.8367317
11/01/2027,29,30.73548641
11/01/2027,30,30.49963177
11/01/2027,31,32.16497703
11/01/2027,32,31.21784314
11/01/2027,33,31.61726548
11/01/2027,34,31.31145642
11/01/2027,35,32.08889235
12/01/2018,5,26
12/01/2018,1,26
12/01/2018,2,25
12/01/2018,3,26.1
12/01/2018,4,26.1
12/01/2018,6,26.7
12/01/2018,7,25.2
12/01/2018,9,28.3
12/01/2018,8,25.8
12/01/2018,10,26
12/01/2018,11,25.5
12/01/2018,12,25.5
12/01/2018,13,25.5
12/01/2018,14,27.1
12/01/2018,15,27.1
12/01/2018,16,26
12/01/2018,17,25.8
12/01/2018,18,25.9
12/01/2018,19,25.1
12/01/2018,21,25.8
12/01/2018,20,25.9
12/01/2018,22,25.1
12/01/2018,23,26.3
12/01/2018,24,25.8
12/01/2018,25,25.2
12/01/2018,26,28.3
12/01/2018,27,25.6
12/01/2018,28,25.7
12/01/2018,29,25.5
12/01/2018,31,27.8
12/01/2018,32,26.6
12/01/2018,30,26
12/01/2018,33,27
12/01/2018,34,28
12/01/2018,35,29
12/01/2019,5,27.5
12/01/2019,1,27.6
12/01/2019,2,25.6
12/01/2019,3,24.8
12/01/2019,4,24.9
12/01/2019,6,24.1
12/01/2019,7,24.4
12/01/2019,9,24.5
12/01/2019,8,27.6
12/01/2019,10,24.7
12/01/2019,11,24.8
12/01/2019,12,24.9
12/01/2019,13,24.1
12/01/2019,14,24.11
12/01/2019,15,24.12
12/01/2019,16,24.13
12/01/2019,17,26.4
12/01/2019,18,26.5
12/01/2019,19,27.1
12/01/2019,21,27.2
12/01/2019,20,27.3
12/01/2019,22,27.4
12/01/2019,23,27.5
12/01/2019,24,27.6
12/01/2019,25,24.4
12/01/2019,26,26.1
12/01/2019,27,26.2
12/01/2019,28,26.3
12/01/2019,29,26.4
12/01/2019,31,26.5
12/01/2019,32,26.6
12/01/2019,30,23.9
12/01/2019,33,26.1
12/01/2019,34,26.2
12/01/2019,35,26.3
12/01/2020,5,28
12/01/2020,1,26.6
12/01/2020,2,26.4
12/01/2020,3,24.8
12/01/2020,4,26.3
12/01/2020,6,27.3
12/01/2020,7,25
12/01/2020,9,28
12/01/2020,8,26.4
12/01/2020,10,25
12/01/2020,11,24.9
12/01/2020,12,25.2
12/01/2020,13,25.3
12/01/2020,14,26.3
12/01/2020,15,25
12/01/2020,16,26.5
12/01/2020,17,25.7
12/01/2020,18,25.9
12/01/2020,19,27.2
12/01/2020,21,26
12/01/2020,20,26.1
12/01/2020,22,26
12/01/2020,23,24.7
12/01/2020,24,26.4
12/01/2020,25,25.1
12/01/2020,26,26.8
12/01/2020,27,25.1
12/01/2020,28,27.1
12/01/2020,29,25.7
12/01/2020,31,28.2
12/01/2020,32,26.3
12/01/2020,30,25.7
12/01/2020,33,26.6
12/01/2020,34,24.9
12/01/2020,35,24.1
12/01/2021,5,26.7
12/01/2021,1,26.7
12/01/2021,2,27.2
12/01/2021,3,26.7
12/01/2021,4,26.5
12/01/2021,6,30.6
12/01/2021,7,30.7
12/01/2021,9,30.8
12/01/2021,8,26.8
12/01/2021,10,26.9
12/01/2021,11,26.5
12/01/2021,12,25.6
12/01/2021,13,27.4
12/01/2021,14,27.5
12/01/2021,15,27.6
12/01/2021,16,27.7
12/01/2021,17,26.9
12/01/2021,18,33
12/01/2021,19,33.1
12/01/2021,21,25.8
12/01/2021,20,25.2
12/01/2021,22,25.3
12/01/2021,23,25.4
12/01/2021,24,26.3
12/01/2021,25,26.3
12/01/2021,26,26.7
12/01/2021,27,26.8
12/01/2021,28,27.9
12/01/2021,29,25.2
12/01/2021,31,27.7
12/01/2021,32,25.9
12/01/2021,30,25.1
12/01/2021,33,27
12/01/2021,34,25.9
12/01/2021,35,25.1
12/01/2022,5,29
12/01/2022,1,27.9
12/01/2022,2,27.9
12/01/2022,3,26.7
12/01/2022,4,27.5
12/01/2022,6,28.5
12/01/2022,7,26.5
12/01/2022,9,29.9
12/01/2022,8,27.9
12/01/2022,10,27.4
12/01/2022,11,26.6
12/01/2022,12,27
12/01/2022,13,28.3
12/01/2022,14,27.7
12/01/2022,15,26.4
12/01/2022,16,27.8
12/01/2022,17,28.2
12/01/2022,18,27.4
12/01/2022,19,28.9
12/01/2022,21,27.1
12/01/2022,20,26.3
12/01/2022,22,27.7
12/01/2022,23,26.4
12/01/2022,24,27.8
12/01/2022,25,26.7
12/01/2022,26,28.2
12/01/2022,27,26.5
12/01/2022,28,29
12/01/2022,29,27
12/01/2022,31,29.2
12/01/2022,32,28
12/01/2022,30,27.2
12/01/2022,33,27.3
12/01/2022,34,26.5
12/01/2022,35,30.1
12/01/2023,5,28.2
12/01/2023,1,26.3
12/01/2023,2,26.4
12/01/2023,3,24.1
12/01/2023,4,25.2
12/01/2023,6,27.1
12/01/2023,7,24.2
12/01/2023,9,28.2
12/01/2023,8,26.2
12/01/2023,10,25.1
12/01/2023,11,23.5
12/01/2023,12,24.6
12/01/2023,13,27.2
12/01/2023,14,26.8
12/01/2023,15,24
12/01/2023,16,25.2
12/01/2023,17,27.6
12/01/2023,18,25.4
12/01/2023,19,27.2
12/01/2023,21,25.8
12/01/2023,20,24.1
12/01/2023,22,26
12/01/2023,23,24.4
12/01/2023,24,26.9
12/01/2023,25,24.2
12/01/2023,26,27.6
12/01/2023,27,23.9
12/01/2023,28,27.8
12/01/2023,29,25
12/01/2023,31,28.3
12/01/2023,32,26.7
12/01/2023,30,24.3
12/01/2023,33,26.5
12/01/2023,34,24.3
12/01/2023,35,29.3
12/01/2024,1,29.21491695
12/01/2024,2,29.12571253
12/01/2024,3,29.10485967
12/01/2024,4,29.58091757
12/01/2024,5,29.89350514
12/01/2024,6,29.95818894
12/01/2024,7,28.0116587
12/01/2024,8,28.87999526
12/01/2024,9,30.54778519
12/01/2024,10,29.09182471
12/01/2024,11,27.56697875
12/01/2024,12,28.92968009
12/01/2024,13,29.41396622
12/01/2024,14,29.77233386
12/01/2024,15,27.91936851
12/01/2024,16,29.18382178
12/01/2024,17,29.50929387
12/01/2024,18,28.74846385
12/01/2024,19,29.76287183
12/01/2024,20,29.23435507
12/01/2024,21,29.13454845
12/01/2024,22,28.7090318
12/01/2024,23,29.24477221
12/01/2024,25,27.97033344
12/01/2024,26,30.26108011
12/01/2024,27,28.72231121
12/01/2024,28,29.77672255
12/01/2024,29,28.26377322
12/01/2024,30,29.20928897
12/01/2024,31,30.09858059
12/01/2024,32,29.11682051
12/01/2024,33,29.86416507
12/01/2024,34,28.93135518
12/01/2024,35,30.64721124
12/01/2025,1,29.20800943
12/01/2025,2,29.1020392
12/01/2025,3,29.05880038
12/01/2025,4,29.59586718
12/01/2025,5,29.90669029
12/01/2025,6,29.95394832
12/01/2025,7,27.98679855
12/01/2025,8,28.84763074
12/01/2025,9,30.5673835
12/01/2025,10,29.05206966
12/01/2025,11,27.54286037
12/01/2025,12,28.92358383
12/01/2025,13,29.39480853
12/01/2025,14,29.80788771
12/01/2025,15,27.90434646
12/01/2025,16,29.17769941
12/01/2025,17,29.51809005
12/01/2025,18,28.72498274
12/01/2025,19,29.77842667
12/01/2025,20,29.20632136
12/01/2025,21,29.10503861
12/01/2025,22,28.68006608
12/01/2025,23,29.21813824
12/01/2025,25,27.95902846
12/01/2025,26,30.29024938
12/01/2025,27,28.7162948
12/01/2025,28,29.81176333
12/01/2025,29,28.19523284
12/01/2025,30,29.18637514
12/01/2025,31,30.12385771
12/01/2025,32,29.14287857
12/01/2025,33,29.89681398
12/01/2025,34,28.89739722
12/01/2025,35,30.65644952
12/01/2026,1,29.20110192
12/01/2026,2,29.07836587
12/01/2026,3,29.01274108
12/01/2026,4,29.61081678
12/01/2026,5,29.91987543
12/01/2026,6,29.94970771
12/01/2026,7,27.9619384
12/01/2026,8,28.81526621
12/01/2026,9,30.58698182
12/01/2026,10,29.01231462
12/01/2026,11,27.51874198
12/01/2026,12,28.91748757
12/01/2026,13,29.37565084
12/01/2026,14,29.84344157
12/01/2026,15,27.8893244
12/01/2026,16,29.17157703
12/01/2026,17,29.52688622
12/01/2026,18,28.70150163
12/01/2026,19,29.79398152
12/01/2026,20,29.17828765
12/01/2026,21,29.07552876
12/01/2026,22,28.65110036
12/01/2026,23,29.19150427
12/01/2026,25,27.94772347
12/01/2026,26,30.31941865
12/01/2026,27,28.71027839
12/01/2026,28,29.84680412
12/01/2026,29,28.12669246
12/01/2026,30,29.16346132
12/01/2026,31,30.14913482
12/01/2026,32,29.16893663
12/01/2026,33,29.92946288
12/01/2026,34,28.86343926
12/01/2026,35,30.66568779
12/01/2027,1,29.1941944
12/01/2027,2,29.05469254
12/01/2027,3,28.96668179
12/01/2027,4,29.62576639
12/01/2027,5,29.93306058
12/01/2027,6,29.94546709
12/01/2027,7,27.93707825
12/01/2027,8,28.78290169
12/01/2027,9,30.60658013
12/01/2027,10,28.97255957
12/01/2027,11,27.49462359
12/01/2027,12,28.91139132
12/01/2027,13,29.35649315
12/01/2027,14,29.87899543
12/01/2027,15,27.87430235
12/01/2027,16,29.16545465
12/01/2027,17,29.5356824
12/01/2027,18,28.67802052
12/01/2027,19,29.80953636
12/01/2027,20,29.15025393
12/01/2027,21,29.04601892
12/01/2027,22,28.62213463
12/01/2027,23,29.16487029
12/01/2027,25,27.93641849
12/01/2027,26,30.34858793
12/01/2027,27,28.70426198
12/01/2027,28,29.8818449
12/01/2027,29,28.05815208
12/01/2027,30,29.1405475
12/01/2027,31,30.17441193
12/01/2027,32,29.19499469
12/01/2027,33,29.96211179
12/01/2027,34,28.8294813
12/01/2027,35,30.67492607
