Year,Station,TempJan,TempFeb,TempMar,TempApr,TempMay,TempJun,TempJul,TempAug,TempSep,TempOct,TempNov,TempDec
2018,1,25.5233797776524,28.54164022601444,32.19585072701947,33.528713366626185,33.4200382778309,32.765641330744685,32.03979493520015,32.197575548283204,32.34667739226617,32.11918227781213,31.037564940297933,29.256362028225823
2018,2,26.3118719654511,29.33367046430599,32.42551147058809,33.5183017019026,33.521800596951124,32.99360156575806,32.182828620427166,32.31587855309145,32.447497580677855,32.26051301973378,31.079939017902497,29.26775250004802
2018,3,25.057786075832755,27.645065200333157,31.499344664495457,33.32076067090057,33.669915203581475,33.119816673295794,32.65528090804625,32.51614649812881,32.52606668453312,32.213630147496495,30.80930131655997,29.38121541788421
2018,4,26.058708502248656,28.78214531153569,32.14733284401647,33.2164926024377,33.409424074522185,32.882914718623624,32.28151249051356,32.384876725327324,32.45986093309054,32.277283823150256,31.211310458708788,29.491219947968343
2018,5,27.442836497317774,29.438793075679197,31.930769599526904,32.71392161376684,32.61651374111312,32.35459387391785,31.627377437724547,32.03527848814641,32.291739648148585,32.23150192737116,31.674342287146256,29.81439427127485
2018,6,27.142827436284577,29.317323544253583,32.06373423555061,33.13167044469979,33.05748697344856,32.46111427175054,31.49760358557508,32.08070634299773,32.31689667927611,32.27239513071533,31.744869313735265,29.983632642167215
2018,7,25.14160188366009,28.608534041880205,32.91316602215822,35.16148437666679,35.10742814331739,34.16842428071404,33.22683268093784,32.89433457346008,33.046853568846714,32.710558639447555,30.858162241116776,28.160819596416385
2018,8,25.933163108173137,28.453724623127858,31.551601766559383,32.638580818878076,32.648905980880876,32.403633639690774,31.845828330926345,32.15844885543645,32.27506326949418,32.0554967012636,30.537130345940575,29.074182402716932
2018,9,28.11473745708765,29.803935407899353,31.884784874696013,32.66296240979026,32.762544477842596,32.34516983765778,30.923305418391273,31.002482772597237,32.20701341721648,32.18938331453637,31.927390330695015,30.430195299897044
2018,10,25.684959778685993,28.564675210433222,32.13019477855841,33.4858911527144,33.56349455301592,32.874826663699785,32.29495304301901,32.34889493340724,32.42923071534869,32.282489518385304,31.385376894438267,29.33035498248502
2018,11,23.5194166131835,26.903051918407332,30.745003175350085,32.579502095726134,33.37690339268069,33.37249178332052,33.045504131405536,32.651506502059824,32.52785068395993,31.7733333397227,30.057668305551633,27.711689072247214
2018,12,25.604899047435786,28.603099691713606,32.34251689028997,33.971844742571875,34.29566282344666,33.39826805771275,32.634208637299615,32.5380762044317,32.5807629481388,32.31294634682803,30.804757475909,28.96625762908786
2018,13,26.50676277051426,29.156533934807083,32.150714707545156,33.05528057773091,32.82973569286494,32.473673668459746,31.3006235031585,31.996060493093893,32.34576738083261,32.24281205765906,31.625669924865466,29.528912376747805
2018,14,26.897227659730497,29.25213883871106,31.846664400985663,32.6246927733172,32.63369406769963,32.19264575701562,30.84803174406694,30.887445230025957,32.23949169691971,32.12670530694129,31.379506681560237,29.559010708299848
2018,15,25.13547338268277,28.07579710711139,32.271839885418636,34.42472183089069,34.827512698306336,33.786787772636735,32.917306098989904,32.66883991940185,32.74211137665578,32.40359402598314,30.596197798108793,28.009500848216344
2018,16,25.683033502636064,29.034268347359387,33.06262039249299,35.34321528589311,35.226132686908734,34.27592380956463,33.08007654205835,32.832349631165826,33.031504175895705,32.95936762652194,31.80365929286017,29.22055605550315
2018,17,26.775984140777375,29.46105670474993,32.545174630403594,33.82587294535218,33.790463536611576,32.73706742767503,31.331073659061488,31.409805519896416,32.45126315899664,32.36420164685256,31.461558650477567,29.45651681712104
2018,18,25.669368857503432,28.815142618160568,32.56980637878039,34.458893717752275,34.814590760127494,33.67798097350448,32.49493831440577,32.46665139230396,32.620242147548055,32.41733167999205,30.925137110038843,28.889350516864244
2018,19,27.039523799624938,29.185750193556395,31.531513305396235,32.50185685438399,32.65291625755339,32.178060675962286,30.984838796189152,30.97416098780853,32.18752214409566,32.14807477467731,31.515280465755257,29.669542767723225
2018,20,25.746034588035045,29.079361116075987,32.666201841674095,33.979615914618115,33.68737923224659,32.904701416158346,32.26877882408686,32.405305938519604,32.52799837564644,32.40419088139979,31.402236561670225,29.4025573417546
2018,21,25.785850764846206,28.92366970216971,31.805532888673103,32.74004514132301,33.11961980810342,32.70612523580734,31.74541544910772,32.20411520927581,32.32337037756122,32.1248922337576,31.049356825869122,29.311607525090075
2018,22,25.832216091541284,29.160819050299875,32.68052468604306,34.314363057228974,34.661502844592476,33.552991980736124,32.24894247778114,32.32629523919977,32.49115794334045,32.27335512843478,30.68325588849422,28.8828261248728
2018,23,25.241071755113474,27.418596281574388,30.896864839458306,31.99440776179117,32.31775356805008,32.32094270957881,32.090308506225306,32.18784678654581,32.22108776635112,31.848031355433303,30.47450865960418,29.404576053725865
2018,25,24.643219785986197,27.99606879160881,32.604932123254486,35.159291178807734,35.17914963909187,34.218921225970725,33.339906385897685,32.93130849260077,32.94840303495869,32.37943444305215,30.542725703006717,28.038163354566244
2018,26,27.380553268783796,29.631725924792832,32.423684444203175,33.2676600058516,33.27143788287742,32.76067483563483,32.39358653238065,32.42910877425971,32.46739134808636,32.22673026564615,31.613373279311727,30.086064457061596
2018,27,24.10658514922955,26.674762936619146,30.435549026240437,32.00075259325897,32.699748695824674,32.79600296906534,32.5588454576656,32.39183566991522,32.287971413981445,31.657691237630846,30.08712475141953,28.758409687711634
2018,28,26.8945560601498,29.124470784686725,31.858450905727356,32.61264432364639,32.47159476168343,31.519732840694463,30.75267916852807,30.843108952770756,32.20664464619517,32.1592700883824,31.331787472168653,29.566477843042126
2018,29,25.514339452242414,28.699657268744744,32.61054874004309,34.848240960261,35.0468106889551,34.00847829398498,32.671390523225284,32.55022733880091,32.73371928516736,32.54103084109576,30.990914978577464,28.675015484393455
2018,30,24.91570762956214,26.99681440685284,30.912727959547475,32.83781559378915,33.4614009980161,33.54694680005142,33.17346174856133,32.91523447947821,32.70042608250997,31.940125806913166,30.38409624580771,29.346771900341025
2018,31,27.390668801284694,29.633771229362612,32.19385249009413,33.04651654509363,32.900365337539206,32.530082105780124,31.26764021401765,32.05057408183537,32.39594606079789,32.386485127985026,31.743006059143916,29.94691790914281
2018,32,25.93287833006485,28.524682407820983,31.817679095342623,32.724757494074375,32.60487174969735,32.44611744435055,32.32176061093385,32.28061698349323,32.29356507258771,32.09939642321821,30.85888362390457,28.960472152113862
2018,33,25.888271160608106,28.38743225706358,31.783174145977295,31.89654360777776,31.82904513695989,31.92206996132863,31.838725203035285,32.19362245209758,32.33995486213149,32.03119645044552,31.295208953182232,29.668271628072052
2018,34,25.272090826483506,28.064130650365296,31.94166670594949,33.60559286568429,33.82702670335594,33.141809628161774,32.62200970706816,32.55051130965739,32.59520350911985,32.37150925167396,31.14965534800766,29.135102929589777
2018,35,28.66646226561175,29.931515063951778,31.67500473076821,32.3659082193164,32.529425877134564,31.74708796371801,30.551021110294773,30.63504704209596,32.12964391743181,32.16135210501278,31.880432453916804,30.59178158711911
2019,1,25.519194361539338,28.57557902410153,32.198335756260114,33.5480925364902,33.469063635739225,32.80591940550557,32.061359784000764,32.22216955014264,32.37801989290177,32.135199922408,31.056729187755533,29.249454514526818
2019,2,26.29643097377501,29.361134346423636,32.423442913028126,33.53482627533576,33.55469544412912,33.02516713747693,32.20085173592449,32.33380358819306,32.47103921547236,32.26892199967572,31.086170746910902,29.24407917156368
2019,3,25.00431073134689,27.669872765993965,31.48626992138927,33.285395251921194,33.70440052854099,33.15527962200167,32.70208541279797,32.53888732465899,32.575861948097675,32.23737297015654,30.814004143103897,29.335156126177566
2019,4,26.06014422023643,28.837571764255323,32.17682987457109,33.26181320334984,33.46918572470248,32.93141382741659,32.31738227542419,32.42457262711495,32.51005242793241,32.31875157739472,31.258861770306954,29.50616955246032
2019,5,27.4736258218342,29.50201843472274,31.982792567048676,32.74307109172406,32.62862394590914,32.3692559569232,31.63411540564968,32.031199038157105,32.30103274722575,32.24352588072945,31.702300015751298,29.82757941625575
2019,6,27.14786994595761,29.36026342231317,32.097103712339,33.14740204642936,33.061214517295774,32.46987210218598,31.50052233658654,32.07104715965166,32.31775789649995,32.26924916856254,31.750823986558792,29.97939202507936
2019,7,25.107657725343817,28.63136962127058,32.905696148608946,35.137347885637,35.13523020836552,34.22269828121366,33.26716240829307,32.91991509535465,33.098225608646565,32.73614231570882,30.874191270788284,28.13595944709018
2019,8,25.91397288671401,28.475957873761928,31.543610440997888,32.653145626655004,32.68650996328882,32.42650657068084,31.87620266243895,32.17443002789175,32.30880149202436,32.069516268007675,30.534942925427206,29.041817879245578
2019,9,28.14103923879888,29.86727443624007,31.94099375124758,32.70650506334259,32.803267019071015,32.40221745672119,30.9580721203653,31.037064206445976,32.23926297157859,32.21461390190688,31.964583607999828,30.449793614350828
2019,10,25.64225000275475,28.56855135021168,32.10399206292205,33.488168718242285,33.60355024686924,32.90500542611842,32.324486545535436,32.36777563521625,32.45909422437389,32.29233697657935,31.382150003659046,29.290599936711146
2019,11,23.482821822793888,26.91622991687028,30.715988167577738,32.52088584929986,33.41076888964937,33.409066776929386,33.10195076636657,32.685450167485335,32.59754103287819,31.8116733678159,30.08356288154552,27.687570685874412
2019,12,25.590230869319665,28.632502123560815,32.34354697977965,33.97701102721053,34.337756024386316,33.44665104723911,32.67580453664416,32.57642411835072,32.63667382157348,32.342777047376536,30.83521584112214,28.96016137230711
2019,13,26.492171479369876,29.185824974121065,32.162745511791144,33.080616457500206,32.86765185634852,32.50167137661406,31.328778213685624,32.011037451582816,32.371327350296326,32.25070678151238,31.63112701682727,29.509754684353613
2019,14,26.932973735226295,29.30923448574238,31.883991097071224,32.651323280024606,32.67509479227869,32.2273704831623,30.868739006534472,30.904357918849485,32.27904911981046,32.16343908554634,31.429363569713026,29.59456456618373
2019,15,25.111062727026543,28.10999417773782,32.26190814734683,34.3991058390664,34.861909307330016,33.83230241491939,32.95973252650404,32.70268550452178,32.79437060768863,32.43388999191744,30.60547867402323,27.99447879252345
2019,16,25.682155708658982,29.06991724640904,33.06872453500635,35.342982028852624,35.280806286575654,34.34184741534462,33.121779393277606,32.87098784310929,33.07856809235255,32.99009583568007,31.83308633642778,29.214433676939358
2019,17,26.796845177215875,29.51317359535497,32.58816139693377,33.87055540008251,33.85449764295229,32.783773309936294,31.360134503298312,31.447867571679456,32.494102985869056,32.38799474188999,31.485752182442425,29.4653129925435
2019,18,25.64855858618487,28.82998433540885,32.55118245999353,34.47475722672248,34.86356485995484,33.71527254468859,32.51454007885497,32.490522359955605,32.65281052033033,32.43738737385455,30.944605915728683,28.865869406026963
2019,19,27.047812323165047,29.222019917684737,31.56264862158722,32.53100225796229,32.67631801701864,32.22703444743058,31.016382156099006,31.00753539324016,32.21693441804065,32.17666197501497,31.54258222279727,29.685097611399314
2019,20,25.72321342440632,29.091116413771935,32.645901686464015,33.961334274740345,33.70780408256898,32.928349748272936,32.27954596961779,32.41630719541036,32.541966799376006,32.40357085619429,31.406339948443332,29.37452362974238
2019,21,25.77036250738555,28.967157738745723,31.83967660835072,32.79996569138107,33.19451766161298,32.77341757094561,31.802177813781515,32.26327635169446,32.38373299532287,32.15058779056432,31.061082825375617,29.28209768003889
2019,22,25.812011552231887,29.179195391439674,32.66520099643114,34.32681480150399,34.70562320234038,33.57715852008219,32.25617873301109,32.335151544154705,32.50810421269263,32.2785292332904,30.689588457886124,28.85386040376814
2019,23,25.20939477933196,27.438147324596542,30.879759440219193,31.982500962724707,32.36330570089959,32.352132421827854,32.12769878194265,32.20822333607523,32.27674755754745,31.873629817751105,30.47780175865689,29.377942080483695
2019,25,24.632434404394143,28.033463053413243,32.62040465828886,35.173377758906284,35.22604532404221,34.280101770862245,33.38761111012839,32.97360933783377,33.0012240179266,32.40445009152961,30.565150454633915,28.02685836924233
2019,26,27.42569139439724,29.693639618204596,32.47566896820471,33.309819415095305,33.304038686293765,32.80132520485561,32.436153377257654,32.45342529270738,32.50204222666543,32.2456824330243,31.650716289270473,30.11523373172317
2019,27,24.078772733990437,26.695436447320443,30.414536187056328,31.960430209728035,32.72673753237166,32.81726703834876,32.60310726798951,32.41191896427274,32.34382427882026,31.688277008575078,30.111728774922966,28.75239327534036
2019,28,26.947382891798384,29.209156906159603,31.937013709107035,32.685267649298034,32.54451356206845,31.584208623770095,30.81102333677406,30.893121126591993,32.264863846638264,32.210451734128775,31.387892386892872,29.601518627503545
2019,29,25.4547076229101,28.681661129870797,32.56073923264966,34.818452266565046,35.051299217503605,34.03119487151134,32.673250105755464,32.54687338723483,32.745610805347646,32.52358339292006,30.962534026238274,28.606475106358314
2019,30,24.86973261788758,26.99741972735704,30.854962120083762,32.73685506407945,33.43189361733314,33.57757934396434,33.21805032902886,32.9416326657517,32.73653761806383,31.953784595924624,30.396933526174404,29.32385807796975
2019,31,27.439240229877512,29.71013533620906,32.261487966506664,33.095891640540536,32.959291875912015,32.582277165625804,31.323267016071128,32.08634282918296,32.44386355506068,32.4252435991508,31.789891722503732,29.972195022909048
2019,32,25.951882248335284,28.574717838901197,31.841054190824668,32.72322385520042,32.63799400504647,32.46100280209845,32.36527809532652,32.30067528947643,32.34403443852659,32.134891630049374,30.89876801404972,28.986530211704387
2019,33,25.92039910859894,28.461553893104835,31.82819250519349,31.9329179393087,31.886930742816272,31.937376302156746,31.884061460754154,32.20961348187757,32.39978170192828,32.08264522935308,31.33099301226703,29.700920535081984
2019,34,25.245969926578237,28.08599333271213,31.9342441474514,33.61411820312661,33.883014775994596,33.19508775404413,32.67814958236228,32.594374884503836,32.660146213491124,32.40584819551201,31.167633244655484,29.101144971018346
2019,35,28.683610544284015,29.969336380547652,31.697169397179213,32.37705260438286,32.54662393525068,31.78728353287156,30.56334226166223,30.64492555070253,32.14131796882524,32.1692675292603,31.903594664263633,30.601019863062582
2020,1,25.515008945426274,28.609517822188618,32.20082078550075,33.567471706354226,33.51808899364755,32.84619748026646,32.08292463280137,32.24676355200207,32.40936239353737,32.151217567003876,31.075893435213136,29.24254700082781
2020,2,26.280989982098923,29.388598228541284,32.42137435546815,33.55135084876891,33.58759029130712,33.0567327091958,32.218874851421816,32.35172862329466,32.49458085026686,32.27733097961766,31.092402475919304,29.22040584307934
2020,3,24.950835386861023,27.694680331654776,31.47319517828308,33.25002983294182,33.7388858535005,33.190742570707556,32.74888991754969,32.56162815118916,32.62565721166222,32.26111579281658,30.818706969647824,29.289096834470918
2020,4,26.06157993822421,28.892998216974956,32.206326905125714,33.30713380426199,33.52894737488276,32.979912936209566,32.3532520603348,32.46426852890257,32.56024392277427,32.36021933163918,31.30641308190512,29.521119156952302
2020,5,27.504415146350624,29.565243793766285,32.03481553457045,32.77222056968128,32.64073415070517,32.383918039928545,31.640853373574814,32.0271195881678,32.3103258463029,32.25554983408774,31.73025774435634,29.840764561236654
2020,6,27.152912455630645,29.403203300372756,32.130473189127386,33.163133648158926,33.064942061142986,32.47862993262143,31.503441087598,32.061387976305596,32.318619113723784,32.26610320640975,31.756778659382324,29.975151407991508
2020,7,25.073713567027546,28.654205200660954,32.89822627505968,35.113211394607205,35.16303227341365,34.27697228171328,33.3074921356483,32.94549561724923,33.14959764844641,32.76172599197009,30.890220300459788,28.111099297763978
2020,8,25.89478266525488,28.498191124396,31.53561911543639,32.66771043443193,32.724113945696764,32.44937950167091,31.906576993951557,32.190411200347064,32.34253971455453,32.08353583475176,30.532755504913837,29.009453355774227
2020,9,28.16734102051011,29.93061346458079,31.997202627799147,32.75004771689492,32.843989560299434,32.45926507578459,30.992838822339326,31.071645640294715,32.27151252594069,32.239844489277395,32.00177688530464,30.46939192880461
2020,10,25.599540226823503,28.572427489990137,32.07778934728569,33.49044628377017,33.643605940722566,32.935184188537065,32.35402004805186,32.386656337025265,32.488957733399104,32.30218443477339,31.378923112879825,29.250844890937273
2020,11,23.446227032404277,26.92940791533323,30.686973159805394,32.462269602873576,33.44463438661804,33.445641770538245,33.15839740132761,32.71939383291085,32.66723138179645,31.8500133959091,30.10945745753941,27.663452299501607
2020,12,25.575562691203547,28.66190455540803,32.34457706926934,33.982177311849185,34.37984922532596,33.49503403676546,32.717400435988694,32.61477203226974,32.692584695008165,32.37260774792505,30.86567420633528,28.95406511552636
2020,13,26.477580188225488,29.215116013435043,32.17477631603713,33.10595233726949,32.905568019832096,32.52966908476838,31.356932924212742,32.02601441007174,32.39688731976003,32.258601505365704,31.636584108789073,29.490596991959418
2020,14,26.968719810722096,29.3663301327737,31.921317793156785,32.67795378673202,32.71649551685776,32.262095209308974,30.889446269002004,30.921270607673016,32.31860654270122,32.20017286415138,31.479220457865814,29.63011842406761
2020,15,25.086652071370317,28.144191248364255,32.25197640927502,34.373489847242105,34.896305916353704,33.87781705720205,33.00215895401817,32.73653108964172,32.846629838721476,32.46418595785174,30.61475954993767,27.979456736830553
2020,16,25.6812779146819,29.1055661454587,33.074828677519726,35.34274877181213,35.33547988624258,34.407771021124596,33.163482244496855,32.90962605505276,33.12563200880938,33.020824044838214,31.862513379995388,29.20831129837557
2020,17,26.81770621365438,29.565290485960013,32.63114816346394,33.91523785481284,33.91853174929301,32.830479192197565,31.389195347535132,31.485929623462496,32.53694281274148,32.411787836927424,31.509945714407284,29.47410916796596
2020,18,25.627748314866302,28.84482605265713,32.53255854120667,34.49062073569269,34.9125389597822,33.7525641158727,32.53414184330417,32.514393327607245,32.685378893112606,32.45744306771704,30.964074721418523,28.842388295189686
2020,19,27.056100846705153,29.25828964181308,31.593783937778205,32.5601476615406,32.699719776483875,32.27600821889888,31.047925516008863,31.040909798671787,32.24634669198565,32.20524917535264,31.56988397983929,29.700652455075403
2020,20,25.700392260777594,29.102871711467888,32.62560153125393,33.943052634862575,33.728228932891355,32.95199808038753,32.290313115148734,32.42730845230111,32.55593522310557,32.40295083098879,31.410443335216442,29.346489917730157
2020,21,25.754874249924892,29.010645775321738,31.873820328028337,32.85988624143913,33.269415515122525,32.84070990608389,31.858940178455313,32.322437494113096,32.44409561308452,32.17628334737104,31.07280882488211,29.252587834987708
2020,22,25.79180701292249,29.197571732579476,32.64987730681922,34.33926654577901,34.74974356008828,33.601325059428255,32.26341498824103,32.34400784910963,32.525050482044804,32.28370333814601,30.695921027278025,28.82489468266348
2020,23,25.177717803550447,27.457698367618697,30.86265404098008,31.970594163658244,32.40885783374909,32.3833221340769,32.16508905765999,32.22859988560464,32.332407348743786,31.899228280068904,30.481094857709603,29.351308107241525
2020,25,24.621649022802085,28.070857315217673,32.63587719332324,35.18746433900483,35.272941008992554,34.341282315753766,33.4353158343591,33.01591018306678,33.05404500089452,32.429465740007075,30.58757520626111,28.01555338391842
2020,26,27.47082952001069,29.75555331161636,32.527653492206234,33.351978824339,33.336639489710116,32.84197557407639,32.47872022213466,32.47774181115505,32.536693105244495,32.264634600402445,31.68805929922922,30.144403006384746
2020,27,24.050960318751322,26.716109958021743,30.393523347872218,31.920107826197096,32.753726368918635,32.838531107632186,32.647369078313424,32.43200225863026,32.39967714365906,31.718862779519313,30.136332798426405,28.746376862969083
2020,28,27.00020972344697,29.293843027632484,32.01557651248672,32.75789097494968,32.617432362453485,31.648684406845724,30.869367505020048,30.94313330041323,32.32308304708135,32.26163337987514,31.443997301617088,29.636559411964967
2020,29,25.395075793577785,28.663664990996846,32.51092972525623,34.7886635728691,35.05578774605212,34.05391144903769,32.67510968828564,32.54351943566875,32.75750232552794,32.50613594474435,30.934153073899086,28.537934728323172
2020,30,24.823757606213018,26.998025047861244,30.79719628062005,32.63589453436975,33.40238623665017,33.608211887877246,33.262638909496395,32.968030852025194,32.772649153617685,31.967443384936086,30.409770806541093,29.300944255598473
2020,31,27.48781165847033,29.786499443055508,32.32912344291919,33.14526673598744,33.01821841428482,32.63447222547149,31.378893818124602,32.12211157653056,32.49178104932348,32.464002070316575,31.83677738586355,29.99747213667528
2020,32,25.97088616660572,28.62475326998141,31.864429286306716,32.72169021632648,32.6711162603956,32.47588815984635,32.40879557971918,32.32073359545962,32.39450380446548,32.170386836880546,30.93865240419487,29.012588271294916
2020,33,25.95252705658977,28.535675529146086,31.873210864409685,31.96929227083964,31.94481634867265,31.952682642984858,31.929397718473023,32.22560451165755,32.459608541725075,32.13409400826065,31.366777071351827,29.733569442091913
2020,34,25.219849026672964,28.107856015058957,31.92682158895331,33.62264354056893,33.93900284863325,33.24836587992648,32.734289457656395,32.63823845935028,32.7250889178624,32.44018713935005,31.185611141303305,29.06718701244692
2020,35,28.700758822956285,30.00715769714353,31.719334063590214,32.38819698944933,32.5638219933668,31.827479102025112,30.575663413029684,30.6548040593091,32.15299202021867,32.17718295350782,31.926756874610465,30.61025813900605
2021,1,25.51082352931321,28.64345662027571,32.2033058147414,33.58685087621824,33.56711435155588,32.886475555027346,32.10448948160199,32.271357553861506,32.44070489417297,32.16723521159975,31.095057682670735,29.235639487128804
2021,2,26.265548990422833,29.41606211065893,32.41930579790819,33.56787542220207,33.620485138485115,33.08829828091467,32.236897966919145,32.36965365839627,32.518122485061355,32.2857399595596,31.09863420492771,29.196732514595002
2021,3,24.897360042375155,27.719487897315584,31.460120435176893,33.214664413962446,33.77337117846001,33.22620551941344,32.79569442230141,32.58436897771934,32.67545247522678,32.28485861547663,30.82340979619175,29.243037542764274
2021,4,26.063015656211984,28.94842466969459,32.23582393568033,33.352454405174136,33.588709025063054,33.02841204500254,32.38912184524542,32.503964430690196,32.61043541761613,32.401687085883644,31.353964393503286,29.53606876144428
2021,5,27.53520447086705,29.628469152809828,32.08683850209222,32.8013700476385,32.652844355501195,32.39858012293389,31.64759134149995,32.023040138178494,32.319618945380064,32.26757378744603,31.758215472961382,29.853949706217552
2021,6,27.157954965303677,29.446143178432344,32.16384266591578,33.17886524988849,33.0686696049902,32.48738776305688,31.50635983860946,32.05172879295953,32.31948033094762,32.26295724425697,31.76273333220585,29.970910790903655
2021,7,25.039769408711273,28.67704078005133,32.8907564015104,35.08907490357741,35.19083433846178,34.331246282212895,33.34782186300354,32.971076139143804,33.20096968824626,32.78730966823136,30.906249330131292,28.086239148437773
2021,8,25.87559244379575,28.52042437503007,31.52762778987489,32.68227524220887,32.761717928104716,32.47225243266098,31.93695132546416,32.20639237280237,32.37627793708471,32.09755540149583,30.530568084400468,28.977088832302876
2021,9,28.19364280222134,29.99395249292151,32.05341150435071,32.79359037044725,32.88471210152785,32.516312694848004,31.02760552431335,31.106227074143455,32.3037620803028,32.2650750766479,32.03897016260945,30.48899024325839
2021,10,25.55683045089226,28.576303629768596,32.05158663164932,33.49272384929805,33.68366163457589,32.9653629509557,32.38355355056829,32.405537038834275,32.518821242424316,32.31203189296743,31.375696222100604,29.2110898451634
2021,11,23.409632242014666,26.942585913796176,30.657958152033046,32.4036533564473,33.47849988358672,33.482216764147104,33.21484403628865,32.75333749833637,32.736921730714705,31.8883534240023,30.135352033533298,27.639333913128805
2021,12,25.560894513087426,28.69130698725524,32.34560715875903,33.98734359648784,34.42194242626561,33.54341702629182,32.75899633533323,32.65311994618877,32.74849556844285,32.40243844847356,30.89613257154842,28.94796885874561
2021,13,26.462988897081104,29.244407052749025,32.18680712028313,33.13128821703878,32.943484183315675,32.557666792922696,31.38508763473986,32.04099136856066,32.42244728922375,32.26649622921902,31.642041200750878,29.471439299565223
2021,14,27.004465886217893,29.423425779805022,31.95864448924235,32.70458429343943,32.75789624143683,32.29681993545565,30.91015353146954,30.938183296496543,32.35816396559197,32.236906642756416,31.529077346018603,29.66567228195149
2021,15,25.06224141571409,28.178388318990688,32.24204467120321,34.34787385541781,34.930702525377384,33.923331699484706,33.04458538153231,32.770376674761664,32.898889069754325,32.49448192378604,30.624040425852108,27.964434681137657
2021,16,25.68040012070482,29.141215044508353,33.08093282003309,35.34251551477165,35.3901534859095,34.47369462690458,33.205185095716104,32.948264266996226,33.17269592526622,33.05155225399635,31.891940423563,29.20218891981178
2021,17,26.838567250092883,29.617407376565055,32.67413492999412,33.959920309543165,33.98256585563373,32.87718507445883,31.418256191771956,31.523991675245536,32.5797826396139,32.43558093196486,31.534139246372142,29.48290534338842
2021,18,25.60693804354774,28.85966776990541,32.51393462241981,34.50648424466289,34.961513059609544,33.78985568705681,32.55374360775336,32.53826429525889,32.717947265894885,32.477498761579525,30.983543527108363,28.818907184352405
2021,19,27.06438937024526,29.29455936594142,31.62491925396919,32.5892930651189,32.72312153594912,32.32498199036717,31.079468875918717,31.074284204103414,32.27575896593064,32.2338363756903,31.597185736881308,29.716207298751492
2021,20,25.67757109714887,29.11462700916384,32.60530137604385,33.92477099498481,33.74865378321374,32.97564641250212,32.301080260679676,32.43830970919187,32.56990364683514,32.40233080578329,31.414546721989552,29.318456205717933
2021,21,25.739385992464236,29.05413381189775,31.907964047705953,32.91980679149719,33.34431336863207,32.90800224122216,31.91570254312911,32.381598636531734,32.50445823084617,32.201978904177764,31.084534824388605,29.223077989936524
2021,22,25.771602473613093,29.21594807371928,32.6345536172073,34.35171829005403,34.79386391783617,33.625491598774325,32.27065124347098,32.352864154064555,32.54199675139698,32.288877443001624,30.702253596669927,28.795928961558822
2021,23,25.146040827768935,27.47724941064085,30.845548641740965,31.958687364591782,32.45440996659859,32.414511846325944,32.202479333377326,32.24897643513405,32.38806713994012,31.924826742386703,30.484387956762315,29.324674133999356
2021,25,24.61086364121003,28.108251577022102,32.651349728357616,35.201550919103376,35.319836693942904,34.40246286064529,33.483020558589814,33.05821102829978,33.10686598386243,32.45448138848454,30.609999957888306,28.00424839859451
2021,26,27.515967645624134,29.817467005028128,32.57963801620776,33.3941382335827,33.36924029312647,32.88262594329717,32.52128706701166,32.50205832960272,32.57134398382357,32.2835867677806,31.72540230918797,30.17357228104632
2021,27,24.023147903512207,26.73678346872304,30.372510508688105,31.879785442666158,32.78071520546562,32.859795176915604,32.691630888637334,32.45208555298779,32.455530008497874,31.749448550463544,30.16093682192984,28.74036045059781
2021,28,27.05303655509556,29.378529149105365,32.09413931586639,32.83051430060132,32.69035116283851,31.713160189921354,30.92771167326604,30.993145474234467,32.38130224752443,32.31281502562152,31.500102216341304,29.671600196426386
2021,29,25.33544396424547,28.645668852122895,32.4611202178628,34.75887487917315,35.060276274600625,34.07662802656405,32.67696927081581,32.540165484102666,32.76939384570823,32.48868849656864,30.905772121559895,28.46939435028803
2021,30,24.777782594538458,26.998630368365447,30.739430441156337,32.534934004660045,33.37287885596721,33.638844431790154,33.30722748996393,32.994429038298684,32.80876068917154,31.981102173947544,30.422608086907786,29.278030433227197
2021,31,27.53638308706315,29.862863549901956,32.39675891933172,33.19464183143435,33.07714495265762,32.68666728531717,31.43452062017808,32.157880323878146,32.539698543586276,32.50276054148235,31.883663049223365,30.022749250441514
2021,32,25.989890084876155,28.674788701061622,31.887804381788765,32.72015657745253,32.70423851574472,32.49077351759424,32.45231306411185,32.34079190144281,32.44497317040436,32.20588204371171,30.978536794340016,29.03864633088544
2021,33,25.984655004580603,28.609797165187338,31.91822922362588,32.00566660237058,32.00270195452903,31.967988983812972,31.974733976191892,32.24159554143753,32.519435381521866,32.18554278716821,31.402561130436627,29.766218349101845
2021,34,25.193728126767695,28.129718697405785,31.919399030455217,33.63116887801125,33.994990921271906,33.30164400580883,32.79042933295052,32.68210203419673,32.79003162223368,32.474526083188096,31.20358903795113,29.03322905387549
2021,35,28.717907101628555,30.044979013739404,31.741498730001215,32.399341374515785,32.581020051482916,31.867674671178666,30.587984564397143,30.66468256791567,32.164666071612096,32.18509837775534,31.949919084957294,30.619496414949516
2022,1,25.506638113200147,28.6773954183628,32.20579084398204,33.60623004608226,33.61613970946421,32.92675362978823,32.126054330402596,32.29595155572094,32.47204739480857,32.18325285619562,31.114221930128338,29.228731973429795
2022,2,26.250107998746746,29.44352599277658,32.417237240348214,33.58439999563522,33.653379985663115,33.119863852633536,32.254921082416466,32.387578693497865,32.54166411985585,32.29414893950154,31.10486593393611,29.173059186110663
2022,3,24.843884697889287,27.744295462976396,31.447045692070706,33.17929899498308,33.807856503419515,33.261668468119325,32.84249892705313,32.60710980424952,32.72524773879133,32.30860143813668,30.828112622735677,29.196978251057626
2022,4,26.064451374199763,29.003851122414222,32.26532096623495,33.397775006086285,33.648470675243345,33.07691115379551,32.42499163015604,32.54366033247782,32.660626912458,32.4431548401281,31.401515705101453,29.551018365936258
2022,5,27.565993795383473,29.691694511853374,32.13886146961399,32.83051952559572,32.664954560297225,32.41324220593924,31.654329309425083,32.01896068818919,32.32891204445722,32.27959774080432,31.786173201566424,29.867134851198454
2022,6,27.16299747497671,29.489083056491932,32.19721214270417,33.19459685161805,33.07239714883741,32.49614559349232,31.509278589620916,32.04206960961346,32.32034154817145,32.259811282104174,31.768688005029382,29.9666701738158
2022,7,25.005825250395002,28.699876359441703,32.883286527961126,35.06493841254762,35.218636403509905,34.38552028271251,33.38815159035877,32.99665666103838,33.252341728046105,32.81289334449263,30.922278359802796,28.06137899911157
2022,8,25.85640222233662,28.542657625664145,31.519636464313393,32.696840049985795,32.79932191051266,32.49512536365105,31.967325656976765,32.22237354525768,32.410016159614884,32.111574968239914,30.5283806638871,28.94472430883152
2022,9,28.21994458393257,30.057291521262226,32.10962038090228,32.837133023999584,32.92543464275627,32.57336031391141,31.062372226287376,31.140808507992194,32.336011634664914,32.29030566401842,32.07616343991427,30.50858855771217
2022,10,25.514120674961013,28.58017976954705,32.02538391601296,33.495001414825936,33.72371732842921,32.995541713374344,32.41308705308471,32.42441774064329,32.54868475144953,32.32187935116147,31.372469331321383,29.171334799389527
2022,11,23.373037451625056,26.955763912259126,30.628943144260703,32.34503711002102,33.5123653805554,33.51879175775597,33.27129067124969,32.78728116376188,32.80661207963297,31.926693452095503,30.161246609527186,27.615215526756
2022,12,25.54622633497131,28.72070941910245,32.34663724824872,33.992509881126495,34.464035627205256,33.59180001581817,32.800592234677765,32.691467860107785,32.80440644187753,32.43226914902207,30.92659093676156,28.941872601964864
2022,13,26.44839760593672,29.273698092063004,32.198837924529116,33.15662409680807,32.98140034679925,32.58566450107701,31.413242345266983,32.055968327049584,32.44800725868746,32.27439095307235,31.64749829271268,29.45228160717103
2022,14,27.04021196171369,29.480521426836344,31.99597118532791,32.73121480014684,32.7992969660159,32.33154466160232,30.93086079393707,30.955095985320074,32.39772138848273,32.273640421361456,31.57893423417139,29.701226139835374
2022,15,25.037830760057865,28.21258538961712,32.2321129331314,34.32225786359352,34.965099134401065,33.96884634176737,33.08701180904644,32.8042222598816,32.951148300787175,32.52477788972034,30.633321301766546,27.949412625444765
2022,16,25.67952232672774,29.17686394355801,33.08703696254646,35.342282257731156,35.44482708557642,34.53961823268457,33.24688794693536,32.9869024789397,33.219759841723054,33.08228046315448,31.921367467130608,29.19606654124799
2022,17,26.859428286531383,29.669524267170097,32.717121696524295,34.00460276427349,34.046599961974444,32.9238909567201,31.447317036008776,31.562053727028577,32.62262246648633,32.45937402700229,31.558332778337,29.49170151881088
2022,18,25.586127772229176,28.87450948715369,32.495310703632946,34.5223477536331,35.01048715943689,33.82714725824092,32.57334537220256,32.56213526291053,32.75051563867716,32.497554455442014,31.0030123327982,28.795426073515124
2022,19,27.072677893785368,29.330829090069763,31.656054570160176,32.6184384686972,32.746523295414356,32.37395576183547,31.11101223582857,31.10765860953504,32.30517123987564,32.26242357602796,31.624487493923322,29.73176214242758
2022,20,25.654749933520147,29.12638230685979,32.58500122083376,33.90648935510704,33.769078633536125,32.99929474461671,32.31184740621062,32.44931096608263,32.583872070564695,32.40171078057779,31.418650108762662,29.29042249370571
2022,21,25.72389773500358,29.09762184847376,31.94210776738357,32.97972734155525,33.41921122214162,32.97529457636043,31.97246490780291,32.44075977895037,32.56482084860782,32.22767446098449,31.096260823895097,29.193568144885337
2022,22,25.751397934303697,29.234324414859078,32.619229927595384,34.36417003432905,34.83798427558407,33.64965813812039,32.27788749870093,32.36172045901949,32.558943020749155,32.294051547857244,30.708586166061828,28.76696324045416
2022,23,25.114363851987424,27.496800453663006,30.82844324250185,31.946780565525316,32.4999620994481,32.44570155857499,32.23986960909467,32.26935298466346,32.44372693113645,31.950425204704505,30.487681055815028,29.298040160757186
2022,25,24.600078259617977,28.145645838826535,32.666822263392,35.215637499201925,35.366732378893246,34.46364340553681,33.530725282820526,33.10051187353278,33.15968696683034,32.479497036962,30.632424709515504,27.9929434132706
2022,26,27.561105771237578,29.879380698439892,32.63162254020929,33.436297642826396,33.40184109654281,32.92327631251795,32.56385391188867,32.52637484805039,32.60599486240263,32.30253893515875,31.762745319146717,30.20274155570789
2022,27,23.995335488273096,26.75745697942434,30.351497669503996,31.839463059135216,32.8077040420126,32.88105924619903,32.735892698961244,32.472168847345316,32.51138287333668,31.780034321407776,30.18554084543328,28.73434403822653
2022,28,27.105863386744144,29.463215270578242,32.172702119246075,32.90313762625296,32.763269963223536,31.777635972996986,30.986055841512027,31.043157648055708,32.43952144796752,32.363996671367886,31.556207131065523,29.70664098088781
2022,29,25.275812134913153,28.62767271324895,32.41131071046937,34.72908618547719,35.06476480314914,34.099344604090405,32.67882885334599,32.53681153253659,32.78128536588852,32.47124104839293,30.877391169220704,28.40085397225289
2022,30,24.731807582863894,26.999235688869646,30.681664601692624,32.43397347495034,33.34337147528425,33.66947697570307,33.35181607043146,33.02082722457217,32.8448722247254,31.994760962959003,30.43544536727448,29.25511661085592
2022,31,27.58495451565597,29.939227656748404,32.46439439574425,33.24401692688126,33.13607149103042,32.73886234516286,31.490147422231555,32.19364907122574,32.587616037849074,32.54151901264812,31.93054871258318,30.048026364207747
2022,32,26.00889400314659,28.724824132141837,31.91117947727081,32.71862293857858,32.73736077109384,32.50565887534214,32.495830548504514,32.360850207426004,32.49544253634325,32.24137725054288,31.018421184485167,29.06470439047597
2022,33,26.016782952571436,28.683918801228593,31.963247582842076,32.04204093390152,32.06058756038541,31.983295324641084,32.020070233910765,32.257586571217516,32.57926222131866,32.23699156607577,31.438345189521424,29.798867256111777
2022,34,25.167607226862422,28.151581379752617,31.91197647195713,33.639694215453574,34.05097899391056,33.35492213169119,32.84656920824463,32.72596560904318,32.85497432660495,32.50886502702614,31.22156693459895,28.999271095304064
2022,35,28.735055380300825,30.082800330335278,31.763663396412216,32.41048575958225,32.59821810959904,31.90787024033222,30.6003057157646,30.674561076522238,32.17634012300553,32.19301380200285,31.973081295304123,30.628734690892987
2023,1,25.502452697087083,28.711334216449888,32.20827587322268,33.62560921594628,33.665165067372534,32.967031704549115,32.14761917920321,32.32054555758038,32.503389895444165,32.1992705007915,31.133386177585937,29.22182445973079
2023,2,26.234667007070655,29.470989874894222,32.41516868278825,33.60092456906838,33.686274832841114,33.15142942435241,32.272944197913795,32.40550372859947,32.56520575465036,32.30255791944348,31.111097662944516,29.14938585762632
2023,3,24.79040935340342,27.769103028637204,31.433970948964518,33.143933576003704,33.84234182837903,33.2971314168252,32.88930343180485,32.62985063077969,32.775043002355886,32.332344260796724,30.832815449279604,29.15091895935098
2023,4,26.065887092187538,29.059277575133855,32.294817996789575,33.443095606998426,33.70823232542364,33.12541026258848,32.46086141506666,32.583356234265445,32.71081840729986,32.48462259437257,31.44906701669962,29.565967970428236
2023,5,27.5967831198999,29.75491987089692,32.190884437135765,32.85966900355294,32.67706476509325,32.42790428894459,31.661067277350217,32.014881238199884,32.33820514353438,32.29162169416261,31.814130930171466,29.880319996179356
2023,6,27.16803998464974,29.53202293455152,32.230581619492554,33.21032845334762,33.076124692684616,32.50490342392777,31.512197340632376,32.032410426267404,32.321202765395284,32.25666531995139,31.77464267785291,29.962429556727947
2023,7,24.97188109207873,28.722711938832077,32.87581665441185,35.040801921517826,35.24643846855803,34.43979428321213,33.428481317714,33.02223718293296,33.303713767845956,32.83847702075389,30.938307389474303,28.036518849785367
2023,8,25.837212000877493,28.564890876298215,31.5116451387519,32.71140485776272,32.836925892920604,32.51799829464112,31.99769998848937,32.238354717712994,32.44375438214506,32.125594534983996,30.52619324337373,28.91235978536017
2023,9,28.2462463656438,30.120630549602943,32.165829257453844,32.88067567755191,32.96615718398469,32.63040793297482,31.097138928261405,31.175389941840933,32.368261189027024,32.31553625138893,32.11335671721908,30.528186872165954
2023,10,25.47141089902977,28.584055909325507,31.999181200376597,33.49727898035382,33.763773022282535,33.02572047579298,32.44262055560113,32.44329844245231,32.57854826047473,32.331726809355516,31.369242440542163,29.131579753615654
2023,11,23.336442661235445,26.968941910722073,30.59992813648836,32.28642086359474,33.54623087752408,33.55536675136483,33.32773730621073,32.8212248291874,32.87630242855123,31.965033480188705,30.187141185521075,27.591097140383198
2023,12,25.53155815685519,28.75011185094966,32.3476673377384,33.99767616576516,34.50612882814491,33.64018300534453,32.84218813402231,32.72981577402681,32.86031731531221,32.46209984957058,30.9570493019747,28.935776345184117
2023,13,26.433806314792335,29.302989131376986,32.210868728775104,33.18195997657736,33.01931651028282,32.61366220923133,31.441397055794102,32.07094528553851,32.473567228151175,32.282285676925675,31.65295538467448,29.433123914776836
2023,14,27.07595803720949,29.53761707386767,32.03329788141347,32.75784530685425,32.840697690594965,32.366269387749,30.951568056404604,30.972008674143602,32.43727881137349,32.3103741999665,31.628791122324177,29.736779997719253
2023,15,25.013420104401636,28.24678246024355,32.222181195059584,34.296641871769225,34.999495743424745,34.01436098405002,33.129438236560574,32.83806784500154,33.003407531820024,32.55507385565465,30.642602177680985,27.93439056975187
2023,16,25.678644532750656,29.212512842607666,33.09314110505983,35.342049000690665,35.49950068524334,34.60554183846455,33.28859079815461,33.02554069088316,33.266823758179896,33.11300867231262,31.950794510698216,29.189944162684203
2023,17,26.880289322969887,29.72164115777514,32.76010846305447,34.04928521900383,34.110634068315164,32.970596838981365,31.4763778802456,31.60011577881162,32.66546229335874,32.483167122039724,31.582526310301862,29.50049769423334
2023,18,25.565317500910613,28.889351204401972,32.47668678484609,34.538211262603305,35.05946125926424,33.864438829425026,32.59294713665176,32.58600623056218,32.78308401145944,32.51761014930451,31.02248113848804,28.771944962677843
2023,19,27.080966417325474,29.367098814198105,31.68718988635116,32.647583872275504,32.7699250548796,32.422929533303765,31.142555595738425,31.141033014966666,32.33458351382064,32.291010776365624,31.65178925096534,29.74731698610367
2023,20,25.631928769891424,29.13813760455574,32.56470106562368,33.88820771522927,33.78950348385851,33.0229430767313,32.32261455174155,32.460312222973386,32.59784049429426,32.40109075537229,31.42275349553577,29.26238878169349
2023,21,25.708409477542922,29.141109885049772,31.976251487061187,33.039647891613306,33.494109075651174,33.04258691149871,32.0292272724767,32.49992092136902,32.62518346636947,32.25337001779121,31.107986823401593,29.164058299834153
2023,22,25.731193394994303,29.25270075599888,32.60390623798347,34.37662177860407,34.88210463333197,33.673824677466456,32.285123753930876,32.37057676397441,32.57588929010134,32.299225652712856,30.714918735453733,28.737997519349502
2023,23,25.08268687620591,27.51635149668516,30.811337843262738,31.934873766458853,32.5455142322976,32.476891270824034,32.27725988481201,32.28972953419287,32.49938672233278,31.976023667022304,30.49097415486774,29.27140618751502
2023,25,24.589292878025923,28.183040100630965,32.682294798426376,35.229724079300475,35.41362806384359,34.52482395042833,33.57843000705123,33.14281271876578,33.21250794979826,32.504512685439465,30.6548494611427,27.981638427946685
2023,26,27.606243896851023,29.941294391851656,32.68360706421082,33.47845705207009,33.43444189995916,32.96392668173873,32.60642075676568,32.55069136649806,32.640645740981704,32.3214911025369,31.800088329105463,30.231910830369465
2023,27,23.96752307303398,26.778130490125637,30.330484830319886,31.799140675604278,32.834692878559586,32.90232331548245,32.780154509285154,32.49225214170284,32.56723573817549,31.810620092352007,30.210144868936716,28.728327625855258
2023,28,27.15869021839273,29.547901392051124,32.25126492262575,32.975760951904604,32.83618876360856,31.842111756072615,31.044400009758018,31.093169821876945,32.497740648410606,32.41517831711426,31.61231204578974,29.741681765349227
2023,29,25.21618030558084,28.609676574374998,32.36150120307594,34.699297491781245,35.069253331697645,34.122061181616765,32.680688435876164,32.533457580970506,32.79317688606881,32.45379360021723,30.849010216881513,28.332313594217748
2023,30,24.685832571189334,26.99984100937385,30.62389876222891,32.33301294524064,33.313864094601286,33.70010951961598,33.396404650898994,33.04722541084566,32.880983760279264,32.008419751970465,30.44828264764117,29.232202788484646
2023,31,27.633525944248788,30.01559176359485,32.53202987215678,33.29339202232816,33.19499802940323,32.79105740500854,31.54577422428503,32.22941781857334,32.635533532111864,32.5802774838139,31.977434375942998,30.073303477973983
2023,32,26.027897921417026,28.77485956322205,31.93455457275286,32.717089299704625,32.77048302644296,32.52054423309004,32.53934803289718,32.3809085134092,32.54591190228213,32.276872457374054,31.058305574630314,29.090762450066496
2023,33,26.04891090056227,28.758040437269845,32.00826594205827,32.07841526543246,32.118473166241785,31.9986016654692,32.06540649162963,32.273577600997505,32.63908906111545,32.288440344983336,31.47412924860622,29.83151616312171
2023,34,25.14148632695715,28.173444062099446,31.90455391345904,33.6482195528959,34.10696706654922,33.40820025757354,32.90270908353875,32.76982918388963,32.91991703097623,32.543203970864184,31.239544831246775,28.965313136732632
2023,35,28.75220365897309,30.120621646931152,31.785828062823214,32.42163014464872,32.61541616771515,31.94806580948577,30.612626867132054,30.68443958512881,32.18801417439896,32.20092922625037,31.996243505650952,30.637972966836454
2024,1,25.49826728097402,28.745273014536977,32.21076090246332,33.644988385810294,33.71419042528086,33.007309779310006,32.16918402800382,32.345139559439815,32.53473239607977,32.215288145387376,31.15255042504354,29.21491694603178
2024,2,26.219226015394568,29.49845375701187,32.413100125228276,33.617449142501535,33.719169680019114,33.18299499607128,32.29096731341112,32.423428763701075,32.588747389444855,32.31096689938542,31.117329391952918,29.125712529141982
2024,3,24.736934008917554,27.793910594298016,31.42089620585833,33.10856815702433,33.87682715333854,33.33259436553109,32.93610793655657,32.65259145730987,32.824838265920434,32.35608708345677,30.83751827582353,29.104859667644334
2024,4,26.067322810175316,29.114704027853488,32.3243150273442,33.488416207910575,33.76799397560393,33.173909371381455,32.496731199977276,32.62305213605307,32.76100990214172,32.526090348617025,31.49661832829779,29.580917574920214
2024,5,27.627572444416323,29.818145229940463,32.24290740465754,32.88881848151016,32.68917496988928,32.44256637194994,31.66780524527535,32.01080178821058,32.347498242611536,32.303645647520895,31.842088658776508,29.893505141160258
2024,6,27.173082494322774,29.57496281261111,32.26395109628094,33.226060055077184,33.07985223653183,32.513661254363214,31.515116091643836,32.02275124292134,32.32206398261912,32.253519357798595,31.78059735067644,29.958188939640095
2024,7,24.937936933762458,28.745547518222452,32.86834678086258,35.01666543048803,35.27424053360616,34.49406828371175,33.46881104506924,33.04781770482754,33.3550858076458,32.86406069701516,30.954336419145807,28.011658700459165
2024,8,25.818021779418363,28.587124126932288,31.5036538131904,32.72596966553965,32.87452987532855,32.540871225631186,32.02807432000198,32.2543358901683,32.477492604675234,32.13961410172807,30.52400582286036,28.87999526188882
2024,9,28.272548147355028,30.183969577943664,32.22203813400541,32.92421833110424,33.0068797252131,32.68745555203822,31.13190563023543,31.209971375689673,32.40051074338913,32.34076683875944,32.15054999452389,30.547785186619734
2024,10,25.428701123098524,28.587932049103966,31.97297848474023,33.4995565458817,33.80382871613586,33.05589923821162,32.47215405811756,32.46217914426132,32.608411769499945,32.341574267549554,31.366015549762942,29.09182470784178
2024,11,23.299847870845838,26.982119909185023,30.57091312871601,32.22780461716846,33.580096374492754,33.591941744973695,33.38418394117177,32.85516849461292,32.945992777469485,32.0033735082819,30.213035761514963,27.566978754010393
2024,12,25.51688997873907,28.779514282796875,32.34869742722809,34.00284245040381,34.548222029084556,33.688565994870885,32.883784033366844,32.76816368794583,32.91622818874689,32.49193055011909,30.987507667187838,28.929680088403366
2024,13,26.41921502364795,29.332280170690964,32.22289953302109,33.207295856346654,33.0572326737664,32.641659917385645,31.469551766321224,32.08592224402743,32.49912719761489,32.29018040077899,31.658412476636286,29.41396622238264
2024,14,27.111704112705286,29.59471272089899,32.07062457749903,32.784475813561656,32.882098415174035,32.40099411389568,30.972275318872136,30.988921362967133,32.47683623426424,32.34710797857154,31.678648010476966,29.772333855603133
2024,15,24.98900944874541,28.280979530869985,32.21224945698778,34.27102587994493,35.03389235244843,34.05987562633268,33.171864664074704,32.87191343012148,33.05566676285287,32.58536982158895,30.651883053595423,27.919368514058974
2024,16,25.677766738773574,29.248161741657324,33.0992452475732,35.34181574365018,35.55417428491026,34.67146544424454,33.33029364937386,33.06417890282663,33.31388767463673,33.14373688147076,31.980221554265825,29.18382178412041
2024,17,26.90115035940839,29.77375804838018,32.80309522958465,34.093967673734156,34.17466817465588,33.017302721242636,31.50543872448242,31.63817783059466,32.70830212023117,32.50696021707716,31.60671984226672,29.5092938696558
2024,18,25.54450722959205,28.904192921650257,32.45806286605923,34.55407477157351,35.108435359091594,33.90173040060914,32.61254890110096,32.609877198213816,32.81565238424171,32.537665843167,31.04194994417788,28.74846385184056
2024,19,27.08925494086558,29.403368538326447,31.718325202542147,32.67672927585381,32.79332681434484,32.47190330477206,31.174098955648283,31.174407420398296,32.36399578776563,32.319597976703285,31.679091008007358,29.76287182977976
2024,20,25.6091076062627,29.149892902251693,32.54440091041359,33.8699260753515,33.80992833418089,33.0465914088459,32.33338169727249,32.47131347986414,32.611808918023826,32.40047073016679,31.42685688230888,29.234355069681264
2024,21,25.692921220082265,29.184597921625784,32.0103952067388,33.099568441671366,33.56900692916072,33.10987924663698,32.0859896371505,32.559082063787656,32.68554608413112,32.27906557459794,31.119712822908085,29.13454845478297
2024,22,25.710988855684906,29.271077097138683,32.588582548371555,34.38907352287909,34.92622499107987,33.69799121681252,32.29236000916082,32.37943306892934,32.59283555945351,32.304399757568476,30.721251304845634,28.70903179824484
2024,23,25.051009900424397,27.535902539707312,30.794232444023624,31.92296696739239,32.5910663651471,32.50808098307308,32.314650160529354,32.31010608372229,32.55504651352911,32.001622129340106,30.49426725392045,29.24477221427285
2024,25,24.578507496433865,28.220434362435395,32.69776733346075,35.243810659399024,35.46052374879393,34.58600449531985,33.626134731281944,33.18511356399878,33.265328932766174,32.52952833391693,30.677274212769895,27.970333442622774
2024,26,27.651382022464468,30.00320808526342,32.735591588212344,33.52061646131379,33.46704270337551,33.004577050959504,32.64898760164268,32.575007884945734,32.67529661956077,32.340443269915056,31.83743133906421,30.261080105031038
2024,27,23.939710657794866,26.798804000826937,30.309471991135776,31.758818292073336,32.86168171510657,32.923587384765874,32.824416319609064,32.51233543606036,32.623088603014295,31.841205863296242,30.234748892440155,28.72231121348398
2024,28,27.21151705004132,29.632587513524005,32.32982772600543,33.04838427755625,32.90910756399359,31.906587539148244,31.102744178004006,31.143181995698182,32.555959848853696,32.46635996286063,31.668416960513955,29.77672254981065
2024,29,25.156548476248524,28.591680435501047,32.31169169568251,34.669508798085296,35.07374186024616,34.14477775914312,32.682548018406344,32.53010362940442,32.8050684062491,32.43634615204152,30.820629264542323,28.263773216182607
2024,30,24.639857559514773,27.000446329878052,30.5661329227652,32.23205241553094,33.28435671391832,33.730742063528886,33.44099323136653,33.07362359711916,32.91709529583312,32.02207854098192,30.461119928007864,29.20928896611337
2024,31,27.682097372841607,30.091955870441296,32.5996653485693,33.34276711777507,33.25392456777603,32.843252464854224,31.601401026338507,32.26518656592093,32.68345102637466,32.61903595497967,32.024320039302815,30.098580591740216
2024,32,26.04690183968746,28.824894994302266,31.957929668234907,32.71555566083068,32.80360528179208,32.53542959083794,32.58286551728985,32.400966819392394,32.596381268221016,32.31236766420522,31.098189964775464,29.116820509657025
2024,33,26.081038848553103,28.8321620733111,32.053284301274466,32.1147895969634,32.17635877209817,32.013908006297314,32.1107427493485,32.28956863077749,32.69891590091224,32.3398891238909,31.50991330769102,29.864165070131637
2024,34,25.11536542705188,28.195306744446274,31.897131354960948,33.656744890338224,34.16295513918787,33.46147838345589,32.95884895883287,32.813692758736074,32.9848597353475,32.57754291470223,31.257522727894596,28.931355178161205
2024,35,28.76935193764536,30.158442963527026,31.807992729234215,32.432774529715175,32.632614225831276,31.988261378639322,30.62494801849951,30.69431809373538,32.19968822579239,32.20884465049789,32.019405715997785,30.64721124277992
2025,1,25.49408186486096,28.779211812624066,32.213245931703966,33.66436755567432,33.76321578318919,33.04758785407089,32.19074887680443,32.36973356129925,32.56607489671537,32.23130578998325,31.17171467250114,29.208009432332776
2025,2,26.203785023718478,29.525917639129517,32.41103156766831,33.63397371593469,33.75206452719711,33.214560567790144,32.308990428908444,32.44135379880268,32.61228902423935,32.31937587932736,31.123561120961323,29.102039200657643
2025,3,24.683458664431686,27.818718159958824,31.40782146275214,33.073202738044955,33.91131247829805,33.36805731423697,32.98291244130828,32.67533228384004,32.87463352948499,32.37982990611682,30.842221102367457,29.058800375937686
2025,4,26.068758528163094,29.17013048057312,32.35381205789882,33.533736808822724,33.827755625784214,33.22240848017442,32.5326009848879,32.66274803784069,32.81120139698359,32.56755810286149,31.544169639895955,29.595867179412195
2025,5,27.65836176893275,29.88137058898401,32.29493037217931,32.917967959467376,32.7012851746853,32.457228454955285,31.674543213200483,32.00672233822128,32.3567913416887,32.31566960087918,31.87004638738155,29.90669028614116
2025,6,27.17812500399581,29.617902690670693,32.29732057306933,33.24179165680675,33.08357978037904,32.52241908479866,31.518034842655293,32.01309205957527,32.322925199842956,32.25037339564581,31.78655202349997,29.95394832255224
2025,7,24.903992775446184,28.768383097612826,32.860876907313305,34.99252893945823,35.30204259865429,34.548342284211365,33.509140772424466,33.07339822672211,33.40645784744565,32.88964437327643,30.97036544881731,27.98679855113296
2025,8,25.798831557959232,28.609357377566358,31.495662487628902,32.74053447331658,32.91213385773649,32.563744156621254,32.05844865151458,32.27031706262361,32.51123082720542,32.15363366847215,30.52181840234699,28.847630738417465
2025,9,28.29884992906626,30.24730860628438,32.278247010556974,32.96776098465657,33.04760226644152,32.744503171101634,31.166672332209455,31.244552809538412,32.43276029775124,32.36599742612995,32.18774327182871,30.567383501073515
2025,10,25.385991347167277,28.59180818888242,31.94677576910387,33.501834111409586,33.84388440998918,33.086078000630266,32.50168756063398,32.48105984607034,32.63827527852516,32.3514217257436,31.36278865898372,29.052069662067908
2025,11,23.263253080456227,26.995297907647974,30.541898120943667,32.16918837074218,33.613961871461434,33.628516738582555,33.440630576132804,32.88911216003843,33.01568312638774,32.041713536375106,30.23893033750885,27.54286036763759
2025,12,25.50222180062295,28.808916714644084,32.34972751671778,34.008008735042466,34.5903152300242,33.736948984397245,32.92537993271138,32.806511601864855,32.972139062181576,32.5217612506676,31.017966032400977,28.92358383162262
2025,13,26.404623732503566,29.361571210004946,32.23493033726708,33.23263173611594,33.09514883724997,32.66965762553996,31.497706476848343,32.10089920251635,32.524687167078596,32.29807512463232,31.663869568598088,29.39480852998845
2025,14,27.147450188201084,29.65180836793031,32.1079512735846,32.81110632026907,32.923499139753105,32.435718840042355,30.992982581339668,31.00583405179066,32.516393657155,32.38384175717658,31.728504898629755,29.807887713487016
2025,15,24.964598793089184,28.315176601496418,32.202317718915964,34.24540988812064,35.06828896147211,34.105390268615345,33.21429109158884,32.905759015241415,33.10792599388572,32.61566578752325,30.661163929509865,27.904346458366078
2025,16,25.67688894479649,29.283810640706978,33.105349390086566,35.34158248660969,35.60884788457719,34.737389050024525,33.37199650059311,33.102817114770104,33.36095159109357,33.17446509062889,32.00964859783343,29.177699405556623
2025,17,26.922011395846894,29.825874938985223,32.84608199611482,34.138650128464484,34.2387022809966,33.0640086035039,31.534499568719244,31.6762398823777,32.75114194710359,32.53075331211459,31.63091337423158,29.51809004507826
2025,18,25.523696958273487,28.919034638898538,32.439438947272365,34.56993828054372,35.15740945891894,33.93902197179325,32.63215066555016,32.633748165865455,32.84822075702399,32.55772153702949,31.06141874986772,28.72498274100328
2025,19,27.09754346440569,29.43963826245479,31.74946051873313,32.705874679432114,32.81672857381008,32.52087707624036,31.205642315558137,31.207781825829922,32.39340806171063,32.348185177040946,31.706392765049372,29.778426673455844
2025,20,25.586286442633973,29.161648199947642,32.52410075520351,33.85164443547373,33.830353184503274,33.07023974096049,32.344148842803435,32.482314736754894,32.62577734175339,32.39985070496129,31.43096026908199,29.20632135766904
2025,21,25.677432962621605,29.2280859582018,32.04453892641642,33.159488991729425,33.64390478267027,33.177171581775255,32.1427520018243,32.618243206206294,32.74590870189277,32.30476113140465,31.131438822414577,29.105038609731785
2025,22,25.69078431637551,29.289453438278482,32.57325885875964,34.401525267154106,34.97034534882777,33.72215775615859,32.299596264390765,32.38828937388427,32.60978182880569,32.30957386242409,30.727583874237535,28.680066077140182
2025,23,25.019332924642885,27.555453582729466,30.77712704478451,31.91106016832593,32.63661849799661,32.539270695322124,32.352040436246696,32.3304826332517,32.61070630472545,32.0272205916579,30.497560352973164,29.21813824103068
2025,25,24.56772211484181,28.257828624239828,32.71323986849513,35.257897239497574,35.507419433744275,34.64718504021137,33.673839455512656,33.22741440923179,33.31814991573409,32.55454398239439,30.699698964397093,27.959028457298864
2025,26,27.696520148077916,30.065121778675184,32.78757611221387,33.56277587055749,33.499643506791855,33.04522742018029,32.69155444651969,32.5993244033934,32.70994749813984,32.3593954372932,31.874774349022957,30.29024937969261
2025,27,23.911898242555754,26.819477511528234,30.288459151951667,31.718495908542398,32.88867055165355,32.94485145404929,32.86867812993298,32.53241873041789,32.67894146785311,31.871791634240473,30.259352915943595,28.716294801112706
2025,28,27.264343881689904,29.717273634996886,32.40839052938511,33.12100760320789,32.98202636437862,31.971063322223877,31.161088346249993,31.19319416951942,32.61417904929678,32.517541608607004,31.72452187523817,29.811763334272072
2025,29,25.09691664691621,28.5736842966271,32.26188218828908,34.63972010438934,35.078230388794665,34.16749433666947,32.68440760093652,32.526749677838346,32.81695992642939,32.418898703865814,30.792248312203135,28.195232838147465
2025,30,24.593882547840213,27.00105165038225,30.508367083301486,32.131091885821235,33.254849333235356,33.7613746074418,33.48558181183406,33.10002178339265,32.95320683138698,32.03573732999338,30.473957208374557,29.186375143742094
2025,31,27.730668801434426,30.168319977287744,32.66730082498184,33.39214221322197,33.312851106148834,32.89544752469991,31.657027828391982,32.300955313268524,32.73136852063746,32.65779442614545,32.07120570266263,30.12385770550645
2025,32,26.065905757957896,28.87493042538248,31.981304763716953,32.71402202195673,32.8367275371412,32.55031494858584,32.62638300168251,32.421025125375586,32.646850634159904,32.34786287103639,31.13807435492061,29.14287856924755
2025,33,26.113166796543933,28.90628370935235,32.09830266049066,32.15116392849434,32.234244377954546,32.029214347125425,32.15607900706737,32.30555966055747,32.75874274070903,32.39133790279846,31.545697366775816,29.89681397714157
2025,34,25.089244527146608,28.217169426793106,31.88970879646286,33.665270227780546,34.21894321182653,33.51475650933825,33.01498883412699,32.85755633358252,33.049802439718775,32.61188185854027,31.27550062454242,28.897397219589777
2025,35,28.78650021631763,30.1962642801229,31.830157395645216,32.44391891478164,32.6498122839474,32.028456947792876,30.637269169866965,30.70419660234195,32.21136227718582,32.2167600747454,32.04256792634461,30.65644951872339
2026,1,25.489896448747896,28.813150610711155,32.215730960944605,33.683746725538334,33.81224114109751,33.087865928831775,32.21231372560504,32.39432756315868,32.597417397350966,32.24732343457912,31.19087891995874,29.201101918633768
2026,2,26.18834403204239,29.553381521247164,32.40896301010834,33.650498289367846,33.78495937437511,33.246126139509016,32.32701354440577,32.459278833904285,32.63583065903385,32.3277848592693,31.129792849969725,29.078365872173304
2026,3,24.62998331994582,27.843525725619635,31.39474671964595,33.03783731906558,33.94579780325756,33.40352026294285,33.02971694606,32.69807311037022,32.92442879304954,32.40357272877686,30.846923928911384,29.012741084231042
2026,4,26.07019424615087,29.225556933292758,32.383309088453444,33.579057409734865,33.887517275964505,33.2709075889674,32.568470769798516,32.70244393962832,32.86139289182545,32.60902585710595,31.59172095149412,29.610816783904173
2026,5,27.689151093449173,29.94459594802755,32.34695333970108,32.947117437424595,32.713395379481334,32.47189053796063,31.681281181125616,32.002642888231975,32.36608444076585,32.32769355423747,31.89800411598659,29.919875431122062
2026,6,27.18316751366884,29.66084256873028,32.330690049857715,33.25752325853631,33.08730732422625,32.53117691523411,31.520953593666754,32.003432876229205,32.32378641706679,32.24722743349302,31.7925066963235,29.949707705464387
2026,7,24.870048617129914,28.7912186770032,32.85340703376403,34.96839244842844,35.32984466370242,34.60261628471099,33.5494704997797,33.09897874861669,33.457829887245495,32.915228049537696,30.98639447848882,27.96193840180676
2026,8,25.779641336500106,28.63159062820043,31.487671162067404,32.75509928109351,32.94973784014444,32.58661708761132,32.088822983027185,32.28629823507892,32.54496904973559,32.167653235216235,30.519630981833625,28.815266214946114
2026,9,28.32515171077749,30.3106476346251,32.33445588710854,33.0113036382089,33.08832480766994,32.80155079016504,31.20143903418348,31.27913424338715,32.46500985211335,32.391228013500466,32.22493654913352,30.586981815527295
2026,10,25.343281571236034,28.59568432866088,31.920573053467507,33.50411167693747,33.883940103842505,33.1162567630489,32.531221063150404,32.49994054787935,32.66813878755037,32.36126918393764,31.3595617682045,29.012314616294034
2026,11,23.226658290066617,27.00847590611092,30.51288311317132,32.1105721243159,33.647827368430114,33.665091732191414,33.497077211093846,32.92305582546395,33.085373475306,32.08005356446831,30.264824913502743,27.518741981264785
2026,12,25.48755362250683,28.838319146491298,32.350757606207466,34.01317501968112,34.63240843096385,33.7853319739236,32.96697583205592,32.844859515783874,33.02804993561626,32.55159195121611,31.04842439761412,28.917487574841868
2026,13,26.39003244135918,29.390862249318925,32.24696114151307,33.25796761588523,33.133065000733545,32.69765533369428,31.52586118737546,32.115876161005275,32.55024713654231,32.30596984848564,31.66932666055989,29.375650837594254
2026,14,27.183196263696885,29.708904014961632,32.145277969670154,32.83773682697648,32.964899864332175,32.47044356618903,31.0136898438072,31.022746740614192,32.55595108004575,32.42057553578163,31.778361786782543,29.843441571370896
2026,15,24.94018813743296,28.349373672122848,32.19238598084416,34.219793896296345,35.102685570495794,34.150904910898,33.25671751910297,32.939604600361356,33.16018522491857,32.64596175345755,30.670444805424303,27.889324402673182
2026,16,25.67601115081941,29.319459539756636,33.11145353259994,35.341349229569204,35.66352148424411,34.803312655804504,33.41369935181236,33.14145532671357,33.4080155075504,33.20519329978703,32.03907564140104,29.171577026992836
2026,17,26.942872432285395,29.877991829590265,32.889068762644996,34.18333258319481,34.30273638733732,33.11071448576517,31.563560412956065,31.71430193416074,32.79398177397601,32.554546407152024,31.655106906196437,29.52688622050072
2026,18,25.50288668695492,28.93387635614682,32.42081502848551,34.58580178951392,35.20638355874629,33.97631354297736,32.651752429999355,32.6576191335171,32.88078912980627,32.57777723089198,31.08088755555756,28.701501630166003
2026,19,27.105831987945795,29.47590798658313,31.780595834924117,32.73502008301042,32.84013033327532,32.56985084770866,31.23718567546799,31.24115623126155,32.42282033565563,32.376772377378614,31.73369452209139,29.793981517131932
2026,20,25.56346527900525,29.173403497643594,32.503800599993426,33.83336279559596,33.85077803482566,33.09388807307508,32.354915988334376,32.49331599364565,32.63974576548296,32.39923067975579,31.4350636558551,29.17828764565682
2026,21,25.66194470516095,29.27157399477781,32.07868264609404,33.219409541787485,33.71880263617982,33.244463916913524,32.19951436649809,32.67740434862493,32.80627131965442,32.33045668821138,31.143164821921072,29.0755287646806
2026,22,25.670579777066113,29.307829779418284,32.55793516914772,34.413977011429125,35.01446570657567,33.74632429550465,32.30683251962071,32.397145678839195,32.62672809815787,32.3147479672797,30.73391644362944,28.65110035603552
2026,23,24.987655948861374,27.57500462575162,30.760021645545397,31.899153369259466,32.68217063084611,32.57046040757117,32.38943071196404,32.35085918278111,32.66636609592178,32.0528190539757,30.500853452025876,29.19150426778851
2026,25,24.556936733249756,28.295222886044257,32.72871240352951,35.27198381959612,35.55431511869462,34.70836558510289,33.72154417974337,33.26971525446479,33.370970898702005,32.579559630871856,30.72212371602429,27.947723471974953
2026,26,27.74165827369136,30.127035472086952,32.8395606362154,33.60493527980118,33.532244310208206,33.08587778940107,32.73412129139669,32.62364092184107,32.744598376718905,32.378347604671355,31.912117358981703,30.319418654354187
2026,27,23.88408582731664,26.840151022229534,30.267446312767557,31.67817352501146,32.91565938820053,32.96611552333272,32.91293994025689,32.552502024775414,32.73479433269191,31.902377405184705,30.28395693944703,28.71027838874143
2026,28,27.31717071333849,29.801959756469763,32.48695333276479,33.193630928859534,33.054945164763645,32.035539105299506,31.219432514495985,31.243206343340656,32.672398249739864,32.56872325435337,31.78062678996239,29.84680411873349
2026,29,25.037284817583895,28.55568815775315,32.21207268089565,34.60993141069339,35.08271891734318,34.19021091419583,32.68626718346669,32.52339572627226,32.82885144660968,32.40145125569011,30.763867359863944,28.126692460112324
2026,30,24.547907536165653,27.001656970886454,30.450601243837774,32.03013135611154,33.22534195255239,33.79200715135471,33.53017039230159,33.12641996966614,32.989318366940836,32.04939611900484,30.486794488741246,29.163461321370818
2026,31,27.779240230027245,30.244684084134192,32.73493630139436,33.44151730866888,33.371777644521636,32.94764258454559,31.71265463044546,32.33672406061612,32.77928601490026,32.69655289731123,32.11809136602245,30.149134819272682
2026,32,26.08490967622833,28.924965856462695,32.004679859199,32.71248838308278,32.86984979249033,32.56520030633374,32.66990048607518,32.44108343135878,32.697320000098784,32.383358077867555,31.177958745065762,29.16893662883808
2026,33,26.145294744534766,28.980405345393603,32.14332101970686,32.18753826002528,32.29212998381092,32.044520687953536,32.20141526478624,32.32155069033746,32.81856958050582,32.442786681706025,31.581481425860613,29.9294628841515
2026,34,25.06312362724134,28.239032109139934,31.882286237964767,33.67379556522287,34.27493128446518,33.5680346352206,33.0711287094211,32.90141990842897,33.11474514409005,32.646220802378316,31.29347852119024,28.86343926101835
2026,35,28.8036484949899,30.234085596718778,31.852322062056217,32.455063299848106,32.66701034206351,32.06865251694643,30.64959032123442,30.714075110948517,32.22303632857925,32.22467549899292,32.06573013669144,30.66568779466686
2027,1,25.485711032634832,28.847089408798244,32.21821599018525,33.70312589540235,33.861266499005836,33.12814400359266,32.23387857440565,32.41892156501812,32.62875989798657,32.263341079175,31.210043167416345,29.194194404934763
2027,2,26.1729030403663,29.580845403364812,32.40689445254837,33.667022862801,33.81785422155311,33.27769171122789,32.3450366599031,32.47720386900589,32.659372293828355,32.33619383921124,31.13602457897813,29.054692543688965
2027,3,24.576507975459954,27.868333291280443,31.381671976539764,33.002471900086206,33.980283128217074,33.43898321164873,33.07652145081172,32.72081393690039,32.9742240566141,32.427315551436905,30.85162675545531,28.966681792524394
2027,4,26.071629964138648,29.28098338601239,32.41280611900806,33.624378010647014,33.9472789261448,33.319406697760364,32.60434055470913,32.74213984141594,32.911584386667315,32.65049361135041,31.639272263092288,29.62576638839615
2027,5,27.7199404179656,30.007821307071097,32.39897630722285,32.976266915381814,32.725505584277364,32.48655262096598,31.688019149050753,31.998563438242666,32.375377539843015,32.339717507595765,31.925961844591633,29.933060576102964
2027,6,27.188210023341874,29.70378244678987,32.36405952664611,33.27325486026588,33.091034868073464,32.539934745669555,31.523872344678214,31.99377369288314,32.32464763429063,32.24408147134023,31.798461369147027,29.945467088376535
2027,7,24.83610445881364,28.81405425639357,32.84593716021475,34.944255957398646,35.357646728750545,34.65689028521061,33.58980022713493,33.12455927051126,33.50920192704534,32.940811725798966,31.002423508160323,27.937078252480553
2027,8,25.760451115040976,28.6538238788345,31.47967983650591,32.769664088870435,32.98734182255238,32.60949001860139,32.11919731453979,32.30227940753423,32.57870727226577,32.18167280196031,30.517443561320256,28.782901691474763
2027,9,28.35145349248872,30.373986662965816,32.39066476366011,33.05484629176123,33.12904734889836,32.85859840922845,31.23620573615751,31.31371567723589,32.49725940647546,32.416458600870975,32.26212982643833,30.60658012998108
2027,10,25.300571795304787,28.599560468439336,31.89437033783114,33.50638924246536,33.92399579769583,33.146435525467545,32.560754565666834,32.518821249688365,32.698002296575574,32.37111664213168,31.35633487742528,28.97255957052016
2027,11,23.190063499677006,27.02165390457387,30.483868105398976,32.05195587788962,33.681692865398794,33.70166672580028,33.55352384605489,32.956999490889466,33.15506382422426,32.11839359256151,30.29071948949663,27.494623594891983
2027,12,25.472885444390712,28.867721578338507,32.35178769569715,34.018341304319776,34.6745016319035,33.83371496344996,33.00857173140046,32.8832074297029,33.08396080905094,32.58142265176462,31.07888276282726,28.91139131806112
2027,13,26.375441150214794,29.420153288632907,32.25899194575906,33.28330349565452,33.170981164217125,32.725653041848595,31.554015897902584,32.1308531194942,32.575807106006025,32.313864572338964,31.674783752521694,29.35649314520006
2027,14,27.218942339192683,29.765999661992954,32.18260466575572,32.86436733368389,33.00630058891124,32.50516829233571,31.03439710627473,31.03965942943772,32.59550850293651,32.45730931438667,31.828218674935332,29.878995429254775
2027,15,24.915777481776733,28.38357074274928,32.182454242772344,34.19417790447205,35.137082179519474,34.19641955318066,33.2991439466171,32.9734501854813,33.21244445595142,32.67625771939185,30.67972568133874,27.874302346980286
2027,16,25.67513335684233,29.35510843880629,33.117557675113304,35.34111597252871,35.71819508391103,34.86923626158449,33.45540220303162,33.18009353865704,33.455079424007245,33.23592150894516,32.06850268496865,29.165454648429044
2027,17,26.9637334687239,29.930108720195307,32.93205552917517,34.22801503792514,34.36677049367803,33.157420368026436,31.59262125719289,31.75236398594378,32.83682160084843,32.57833950218946,31.679300438161295,29.53568239592318
2027,18,25.482076415636357,28.9487180733951,32.40219110969865,34.60166529848413,35.25535765857364,34.01360511416147,32.671354194448554,32.68149010116874,32.91335750258854,32.59783292475447,31.1003563612474,28.678020519328722
2027,19,27.1141205114859,29.512177710711477,31.811731151115104,32.76416548658872,32.86353209274056,32.618824619176955,31.268729035377845,31.27453063669318,32.45223260960062,32.405359577716276,31.76099627913341,29.80953636080802
2027,20,25.540644115376526,29.185158795339547,32.483500444783346,33.81508115571819,33.871202885148044,33.11753640518967,32.36568313386531,32.50431725053641,32.65371418921252,32.39861065455029,31.439167042628206,29.150253933644596
2027,21,25.64645644770029,29.315062031353822,32.11282636577165,33.279330091845544,33.79370048968937,33.3117562520518,32.256276731171894,32.73656549104358,32.86663393741607,32.3561522450181,31.154890821427564,29.046018919629418
2027,22,25.650375237756716,29.326206120558087,32.5426114795358,34.426428755704144,35.05858606432357,33.77049083485072,32.31406877485066,32.40600198379412,32.643674367510044,32.31992207213532,30.74024901302134,28.622134634930863
2027,23,24.95597897307986,27.594555668773776,30.742916246306283,31.887246570193003,32.72772276369561,32.60165011982021,32.426820987681374,32.371235732310524,32.722025887118114,32.078417516293506,30.504146551078588,29.16487029454634
2027,25,24.546151351657702,28.332617147848687,32.74418493856388,35.28607039969467,35.60121080364496,34.76954612999441,33.76924890397407,33.31201609969779,33.42379188166991,32.60457527934932,30.744548467651484,27.93641848665104
2027,26,27.786796399304805,30.188949165498716,32.89154516021693,33.647094689044884,33.56484511362456,33.126528158621845,32.7766881362737,32.64795744028874,32.77924925529798,32.39729977204951,31.94946036894045,30.34858792901576
2027,27,23.856273412077524,26.860824532930835,30.246433473583448,31.637851141480517,32.942648224747515,32.98737959261614,32.9572017505808,32.57258531913294,32.790647197530724,31.932963176128936,30.30856096295047,28.704261976370155
2027,28,27.36999754498708,29.886645877942644,32.56551613614447,33.266254254511175,33.12786396514867,32.100014888375135,31.277776682741973,31.293218517161893,32.730617450182955,32.61990490009974,31.836731704686606,29.881844903194914
2027,29,24.97765298825158,28.5376920188792,32.16226317350222,34.580142716997436,35.087207445891686,34.21292749172218,32.68812676599687,32.52004177470618,32.84074296678997,32.384003807514404,30.735486407524753,28.058152082077182
2027,30,24.501932524491092,27.002262291390654,30.39283540437406,31.929170826401833,33.195834571869426,33.82263969526762,33.574758972769125,33.15281815593963,33.02542990249469,32.0630549080163,30.49963176910794,29.140547498999542
2027,31,27.827811658620064,30.32104819098064,32.80257177780689,33.49089240411578,33.430704182894445,32.99983764439128,31.768281432498934,32.37249280796371,32.82720350916305,32.735311368477,32.164977029382264,30.174411933038918
2027,32,26.103913594498767,28.975001287542906,32.028054954681046,32.71095474420883,32.90297204783945,32.58008566408164,32.713417970467844,32.461141737341975,32.74778936603767,32.41885328469873,31.21784313521091,29.194994688428604
2027,33,26.1774226925256,29.054526981434858,32.188339378923054,32.22391259155622,32.3500155896673,32.05982702878165,32.24675152250511,32.33754172011744,32.878396420302614,32.49423546061359,31.61726548494541,29.962111791161433
2027,34,25.037002727336066,28.260894791486763,31.874863679466678,33.68232090266519,34.33091935710384,33.62131276110295,33.12726858471522,32.94528348327542,33.17968784846133,32.68055974621636,31.311456417838066,28.82948130244692
2027,35,28.820796773662167,30.271906913314652,31.874486728467218,32.466207684914565,32.684208400179635,32.10884808609998,30.66191147260188,30.72395361955509,32.23471037997268,32.23259092324044,32.08889234703827,30.67492607061033
