Year,Month,Station,Forecasted_Temperature
2018,1,5,25.9
2018,1,1,24.8
2018,1,2,24.7
2018,1,3,22
2018,1,4,24.2
2018,1,6,25
2018,1,7,23.1
2018,1,9,25.9
2018,1,8,24
2018,1,10,23.5
2018,1,11,20.5
2018,1,12,23.4
2018,1,13,24.9
2018,1,14,24.9
2018,1,15,22.2
2018,1,16,24.3
2018,1,17,25.4
2018,1,18,23.9
2018,1,19,25
2018,1,21,24.8
2018,1,20,24
2018,1,22,24.5
2018,1,23,22.7
2018,1,24,25.2
2018,1,25,22.5
2018,1,26,24.9
2018,1,27,21.4
2018,1,28,25.2
2018,1,29,24
2018,1,31,25.7
2018,1,32,23.7
2018,1,30,21.4
2018,1,33,24.8
2018,1,34,22.8
2018,1,35,26.4
2019,1,5,28.1
2019,1,1,27
2019,1,2,27.3
2019,1,3,26.6
2019,1,4,26.9
2019,1,6,27.3
2019,1,7,25.8
2019,1,9,26.9
2019,1,8,28.2
2019,1,10,27.1
2019,1,11,25.8
2019,1,12,26.6
2019,1,13,28.2
2019,1,14,27.6
2019,1,15,25.6
2019,1,16,26.8
2019,1,17,27.6
2019,1,18,26.8
2019,1,19,26.5
2019,1,21,27.3
2019,1,20,26.9
2019,1,22,26.7
2019,1,23,26.2
2019,1,24,27.1
2019,1,25,25.4
2019,1,26,27.2
2019,1,27,25.7
2019,1,28,27.9
2019,1,29,26.2
2019,1,31,29
2019,1,32,27.1
2019,1,30,26.5
2019,1,33,27.8
2019,1,34,26.3
2019,1,35,28.5
2020,1,5,26.4
2020,1,1,24.8
2020,1,2,24.5
2020,1,3,23.5
2020,1,4,24.4
2020,1,6,25.3
2020,1,7,23.6
2020,1,9,26.4
2020,1,8,23.9
2020,1,10,24
2020,1,11,22.4
2020,1,12,23.8
2020,1,13,24.8
2020,1,14,24.5
2020,1,15,23.2
2020,1,16,24.8
2020,1,17,25.3
2020,1,18,24
2020,1,19,25.3
2020,1,21,24.3
2020,1,20,23.7
2020,1,22,24.4
2020,1,23,23.4
2020,1,24,25.2
2020,1,25,23.3
2020,1,26,25.2
2020,1,27,22.5
2020,1,28,25.2
2020,1,29,24.3
2020,1,31,26
2020,1,32,23.6
2020,1,30,23
2020,1,33,24.7
2020,1,34,23.2
2020,1,35,27.6
2021,1,5,28.1
2021,1,1,26.6
2021,1,2,26.6
2021,1,3,23.7
2021,1,4,25.9
2021,1,6,27.2
2021,1,7,24
2021,1,9,28.3
2021,1,8,26
2021,1,10,25.5
2021,1,11,22.7
2021,1,12,25
2021,1,13,27.4
2021,1,14,26.7
2021,1,15,23.7
2021,1,16,26
2021,1,17,27.7
2021,1,18,25.9
2021,1,19,26.9
2021,1,21,26.1
2021,1,20,25
2021,1,22,26.4
2021,1,23,23.6
2021,1,24,26.7
2021,1,25,23.7
2021,1,26,27.8
2021,1,27,22.6
2021,1,28,27.3
2021,1,29,25.4
2021,1,31,28.7
2021,1,32,25.8
2021,1,30,22.8
2021,1,33,26.5
2021,1,34,24.4
2021,1,35,28.5
2022,1,5,26.4
2022,1,1,25.3
2022,1,2,25.1
2022,1,3,23.4
2022,1,4,25.6
2022,1,6,26
2022,1,7,23.2
2022,1,9,27.3
2022,1,8,25.3
2022,1,10,25.1
2022,1,11,22.2
2022,1,12,24.3
2022,1,13,25.9
2022,1,14,25.1
2022,1,15,23.3
2022,1,16,24.6
2022,1,17,25.7
2022,1,18,24.2
2022,1,19,25.9
2022,1,21,24.6
2022,1,20,23.7
2022,1,22,24.7
2022,1,23,24.2
2022,1,24,25.2
2022,1,25,23.4
2022,1,26,25.9
2022,1,27,23.4
2022,1,28,26.4
2022,1,29,23.8
2022,1,31,26.8
2022,1,32,25.3
2022,1,30,23.6
2022,1,33,25.9
2022,1,34,23.8
2022,1,35,28.9
2023,1,5,28.2
2023,1,1,26.3
2023,1,2,26.4
2023,1,3,24.1
2023,1,4,25.2
2023,1,6,27.1
2023,1,7,24.2
2023,1,9,28.2
2023,1,8,26.2
2023,1,10,25.1
2023,1,11,23.5
2023,1,12,24.6
2023,1,13,27.2
2023,1,14,26.8
2023,1,15,24
2023,1,16,25.2
2023,1,17,27.6
2023,1,18,25.4
2023,1,19,27.2
2023,1,21,25.8
2023,1,20,24.1
2023,1,22,26
2023,1,23,24.4
2023,1,24,26.9
2023,1,25,24.2
2023,1,26,27.6
2023,1,27,23.9
2023,1,28,27.8
2023,1,29,25
2023,1,31,28.3
2023,1,32,26.7
2023,1,30,24.3
2023,1,33,26.5
2023,1,34,24.3
2023,1,35,29.3
2024,1,1,25.49826728
2024,1,2,26.21922602
2024,1,3,24.73693401
2024,1,4,26.06732281
2024,1,5,27.62757244
2024,1,6,27.17308249
2024,1,7,24.93793693
2024,1,8,25.81802178
2024,1,9,28.27254815
2024,1,10,25.42870112
2024,1,11,23.29984787
2024,1,12,25.51688998
2024,1,13,26.41921502
2024,1,14,27.11170411
2024,1,15,24.98900945
2024,1,16,25.67776674
2024,1,17,26.90115036
2024,1,18,25.54450723
2024,1,19,27.08925494
2024,1,20,25.60910761
2024,1,21,25.69292122
2024,1,22,25.71098886
2024,1,23,25.0510099
2024,1,25,24.5785075
2024,1,26,27.65138202
2024,1,27,23.93971066
2024,1,28,27.21151705
2024,1,29,25.15654848
2024,1,30,24.63985756
2024,1,31,27.68209737
2024,1,32,26.04690184
2024,1,33,26.08103885
2024,1,34,25.11536543
2024,1,35,28.76935194
2025,1,1,25.49408186
2025,1,2,26.20378502
2025,1,3,24.68345866
2025,1,4,26.06875853
2025,1,5,27.65836177
2025,1,6,27.178125
2025,1,7,24.90399278
2025,1,8,25.79883156
2025,1,9,28.29884993
2025,1,10,25.38599135
2025,1,11,23.26325308
2025,1,12,25.5022218
2025,1,13,26.40462373
2025,1,14,27.14745019
2025,1,15,24.96459879
2025,1,16,25.67688894
2025,1,17,26.9220114
2025,1,18,25.52369696
2025,1,19,27.09754346
2025,1,20,25.58628644
2025,1,21,25.67743296
2025,1,22,25.69078432
2025,1,23,25.01933292
2025,1,25,24.56772211
2025,1,26,27.69652015
2025,1,27,23.91189824
2025,1,28,27.26434388
2025,1,29,25.09691665
2025,1,30,24.59388255
2025,1,31,27.7306688
2025,1,32,26.06590576
2025,1,33,26.1131668
2025,1,34,25.08924453
2025,1,35,28.78650022
2026,1,1,25.48989645
2026,1,2,26.18834403
2026,1,3,24.62998332
2026,1,4,26.07019425
2026,1,5,27.68915109
2026,1,6,27.18316751
2026,1,7,24.87004862
2026,1,8,25.77964134
2026,1,9,28.32515171
2026,1,10,25.34328157
2026,1,11,23.22665829
2026,1,12,25.48755362
2026,1,13,26.39003244
2026,1,14,27.18319626
2026,1,15,24.94018814
2026,1,16,25.67601115
2026,1,17,26.94287243
2026,1,18,25.50288669
2026,1,19,27.10583199
2026,1,20,25.56346528
2026,1,21,25.66194471
2026,1,22,25.67057978
2026,1,23,24.98765595
2026,1,25,24.55693673
2026,1,26,27.74165827
2026,1,27,23.88408583
2026,1,28,27.31717071
2026,1,29,25.03728482
2026,1,30,24.54790754
2026,1,31,27.77924023
2026,1,32,26.08490968
2026,1,33,26.14529474
2026,1,34,25.06312363
2026,1,35,28.80364849
2027,1,1,25.48571103
2027,1,2,26.17290304
2027,1,3,24.57650798
2027,1,4,26.07162996
2027,1,5,27.71994042
2027,1,6,27.18821002
2027,1,7,24.83610446
2027,1,8,25.76045112
2027,1,9,28.35145349
2027,1,10,25.3005718
2027,1,11,23.1900635
2027,1,12,25.47288544
2027,1,13,26.37544115
2027,1,14,27.21894234
2027,1,15,24.91577748
2027,1,16,25.67513336
2027,1,17,26.96373347
2027,1,18,25.48207642
2027,1,19,27.11412051
2027,1,20,25.54064412
2027,1,21,25.64645645
2027,1,22,25.65037524
2027,1,23,24.95597897
2027,1,25,24.54615135
2027,1,26,27.7867964
2027,1,27,23.85627341
2027,1,28,27.36999754
2027,1,29,24.97765299
2027,1,30,24.50193252
2027,1,31,27.82781166
2027,1,32,26.10391359
2027,1,33,26.17742269
2027,1,34,25.03700273
2027,1,35,28.82079677
2018,2,5,29.8
2018,2,1,29.8
2018,2,2,29.6
2018,2,3,28.3
2018,2,4,29.4
2018,2,6,28.7
2018,2,7,29.3
2018,2,9,29.8
2018,2,8,28
2018,2,10,29.2
2018,2,11,27.2
2018,2,12,29.5
2018,2,13,29.3
2018,2,14,28.9
2018,2,15,28.6
2018,2,16,30.3
2018,2,17,30.3
2018,2,18,30
2018,2,19,28.2
2018,2,21,29.4
2018,2,20,29.2
2018,2,22,30.2
2018,2,23,27.3
2018,2,24,30.5
2018,2,25,28.8
2018,2,26,29.5
2018,2,27,26.7
2018,2,28,29.1
2018,2,29,29.8
2018,2,31,30
2018,2,32,28.7
2018,2,30,27.3
2018,2,33,28.5
2018,2,34,28.6
2018,2,35,29.6
2019,2,5,29
2019,2,1,28.8
2019,2,2,28.5
2019,2,3,27.7
2019,2,4,28.2
2019,2,6,29
2019,2,7,28.1
2019,2,9,27.6
2019,2,8,29.6
2019,2,10,28.3
2019,2,11,26.5
2019,2,12,28.1
2019,2,13,29
2019,2,14,28.5
2019,2,15,27.8
2019,2,16,28.8
2019,2,17,29.5
2019,2,18,28.6
2019,2,19,28
2019,2,21,28.3
2019,2,20,28.3
2019,2,22,29.1
2019,2,23,27
2019,2,24,29.1
2019,2,25,27.6
2019,2,26,29
2019,2,27,26.3
2019,2,28,28.6
2019,2,29,28.3
2019,2,31,29.8
2019,2,32,28.3
2019,2,30,26.9
2019,2,33,28.3
2019,2,34,28
2019,2,35,29.6
2020,2,5,28.1
2020,2,1,27.9
2020,2,2,27.7
2020,2,3,26.7
2020,2,4,28
2020,2,6,27.2
2020,2,7,26.5
2020,2,9,28.3
2020,2,8,26.8
2020,2,10,27.4
2020,2,11,25.9
2020,2,12,27.1
2020,2,13,27.8
2020,2,14,27.2
2020,2,15,26.4
2020,2,16,27.4
2020,2,17,28.1
2020,2,18,26.9
2020,2,19,26.9
2020,2,21,27.3
2020,2,20,27.1
2020,2,22,27.4
2020,2,23,26.3
2020,2,24,28.1
2020,2,25,26.7
2020,2,26,27.9
2020,2,27,26
2020,2,28,27.7
2020,2,29,27.3
2020,2,31,28.3
2020,2,32,27.5
2020,2,30,26.6
2020,2,33,28.1
2020,2,34,26.5
2020,2,35,28.8
2021,2,5,30
2021,2,1,29.5
2021,2,2,29.5
2021,2,3,29.1
2021,2,4,29.2
2021,2,6,28.8
2021,2,7,28.8
2021,2,9,29.3
2021,2,8,29.1
2021,2,10,29.5
2021,2,11,27.9
2021,2,12,29.4
2021,2,13,29.8
2021,2,14,29
2021,2,15,28.7
2021,2,16,29.8
2021,2,17,30
2021,2,18,29.5
2021,2,19,27.7
2021,2,21,28.8
2021,2,20,28.7
2021,2,22,29.7
2021,2,23,28.3
2021,2,24,29.6
2021,2,25,29
2021,2,26,30.1
2021,2,27,28.1
2021,2,28,29.5
2021,2,29,28.8
2021,2,31,30.8
2021,2,32,29.3
2021,2,30,28.4
2021,2,33,29.5
2021,2,34,29.1
2021,2,35,29.4
2022,2,5,28.6
2022,2,1,27.9
2022,2,2,27.5
2022,2,3,25.5
2022,2,4,28
2022,2,6,27.9
2022,2,7,25.9
2022,2,9,28.6
2022,2,8,27
2022,2,10,27.1
2022,2,11,24.5
2022,2,12,26.6
2022,2,13,28.4
2022,2,14,27.3
2022,2,15,25.6
2022,2,16,27.5
2022,2,17,28.2
2022,2,18,27.2
2022,2,19,28.1
2022,2,21,27.1
2022,2,20,26.3
2022,2,22,27.8
2022,2,23,25
2022,2,24,28.1
2022,2,25,26
2022,2,26,28.5
2022,2,27,24.5
2022,2,28,28.4
2022,2,29,26.6
2022,2,31,28.5
2022,2,32,26.9
2022,2,30,25.2
2022,2,33,26.6
2022,2,34,25.9
2022,2,35,29.8
2023,2,5,29.6
2023,2,1,29.9
2023,2,2,29.9
2023,2,3,28.6
2023,2,4,29.5
2023,2,6,28.9
2023,2,7,29.5
2023,2,9,30.4
2023,2,8,28.9
2023,2,10,29.3
2023,2,11,28
2023,2,12,29.6
2023,2,13,30
2023,2,14,28.9
2023,2,15,28.9
2023,2,16,30.3
2023,2,17,30.7
2023,2,18,29.7
2023,2,19,29.1
2023,2,21,29.3
2023,2,20,28.5
2023,2,22,30.4
2023,2,23,27.9
2023,2,24,30.5
2023,2,25,29.5
2023,2,26,30.7
2023,2,27,27.7
2023,2,28,30.1
2023,2,29,29.3
2023,2,31,30.6
2023,2,32,29.6
2023,2,30,28.5
2023,2,33,29.1
2023,2,34,28.9
2023,2,35,30.9
2024,2,1,28.74527301
2024,2,2,29.49845376
2024,2,3,27.79391059
2024,2,4,29.11470403
2024,2,5,29.81814523
2024,2,6,29.57496281
2024,2,7,28.74554752
2024,2,8,28.58712413
2024,2,9,30.18396958
2024,2,10,28.58793205
2024,2,11,26.98211991
2024,2,12,28.77951428
2024,2,13,29.33228017
2024,2,14,29.59471272
2024,2,15,28.28097953
2024,2,16,29.24816174
2024,2,17,29.77375805
2024,2,18,28.90419292
2024,2,19,29.40336854
2024,2,20,29.1498929
2024,2,21,29.18459792
2024,2,22,29.2710771
2024,2,23,27.53590254
2024,2,25,28.22043436
2024,2,26,30.00320809
2024,2,27,26.798804
2024,2,28,29.63258751
2024,2,29,28.59168044
2024,2,30,27.00044633
2024,2,31,30.09195587
2024,2,32,28.82489499
2024,2,33,28.83216207
2024,2,34,28.19530674
2024,2,35,30.15844296
2025,2,1,28.77921181
2025,2,2,29.52591764
2025,2,3,27.81871816
2025,2,4,29.17013048
2025,2,5,29.88137059
2025,2,6,29.61790269
2025,2,7,28.7683831
2025,2,8,28.60935738
2025,2,9,30.24730861
2025,2,10,28.59180819
2025,2,11,26.99529791
2025,2,12,28.80891671
2025,2,13,29.36157121
2025,2,14,29.65180837
2025,2,15,28.3151766
2025,2,16,29.28381064
2025,2,17,29.82587494
2025,2,18,28.91903464
2025,2,19,29.43963826
2025,2,20,29.1616482
2025,2,21,29.22808596
2025,2,22,29.28945344
2025,2,23,27.55545358
2025,2,25,28.25782862
2025,2,26,30.06512178
2025,2,27,26.81947751
2025,2,28,29.71727363
2025,2,29,28.5736843
2025,2,30,27.00105165
2025,2,31,30.16831998
2025,2,32,28.87493043
2025,2,33,28.90628371
2025,2,34,28.21716943
2025,2,35,30.19626428
2026,2,1,28.81315061
2026,2,2,29.55338152
2026,2,3,27.84352573
2026,2,4,29.22555693
2026,2,5,29.94459595
2026,2,6,29.66084257
2026,2,7,28.79121868
2026,2,8,28.63159063
2026,2,9,30.31064763
2026,2,10,28.59568433
2026,2,11,27.00847591
2026,2,12,28.83831915
2026,2,13,29.39086225
2026,2,14,29.70890401
2026,2,15,28.34937367
2026,2,16,29.31945954
2026,2,17,29.87799183
2026,2,18,28.93387636
2026,2,19,29.47590799
2026,2,20,29.1734035
2026,2,21,29.27157399
2026,2,22,29.30782978
2026,2,23,27.57500463
2026,2,25,28.29522289
2026,2,26,30.12703547
2026,2,27,26.84015102
2026,2,28,29.80195976
2026,2,29,28.55568816
2026,2,30,27.00165697
2026,2,31,30.24468408
2026,2,32,28.92496586
2026,2,33,28.98040535
2026,2,34,28.23903211
2026,2,35,30.2340856
2027,2,1,28.84708941
2027,2,2,29.5808454
2027,2,3,27.86833329
2027,2,4,29.28098339
2027,2,5,30.00782131
2027,2,6,29.70378245
2027,2,7,28.81405426
2027,2,8,28.65382388
2027,2,9,30.37398666
2027,2,10,28.59956047
2027,2,11,27.0216539
2027,2,12,28.86772158
2027,2,13,29.42015329
2027,2,14,29.76599966
2027,2,15,28.38357074
2027,2,16,29.35510844
2027,2,17,29.93010872
2027,2,18,28.94871807
2027,2,19,29.51217771
2027,2,20,29.1851588
2027,2,21,29.31506203
2027,2,22,29.32620612
2027,2,23,27.59455567
2027,2,25,28.33261715
2027,2,26,30.18894917
2027,2,27,26.86082453
2027,2,28,29.88664588
2027,2,29,28.53769202
2027,2,30,27.00226229
2027,2,31,30.32104819
2027,2,32,28.97500129
2027,2,33,29.05452698
2027,2,34,28.26089479
2027,2,35,30.27190691
2018,3,5,31.9
2018,3,1,33.1
2018,3,2,33
2018,3,3,32.1
2018,3,4,33.2
2018,3,6,31.6
2018,3,7,34.2
2018,3,9,32.1
2018,3,8,31.4
2018,3,10,33.3
2018,3,11,31.2
2018,3,12,33.7
2018,3,13,32.8
2018,3,14,32.2
2018,3,15,33.5
2018,3,16,34.5
2018,3,17,33
2018,3,18,33.7
2018,3,19,31.1
2018,3,21,32.9
2018,3,20,33.2
2018,3,22,33.6
2018,3,23,31.1
2018,3,24,33.7
2018,3,25,34.1
2018,3,26,33.1
2018,3,27,30.9
2018,3,28,31.7
2018,3,29,33.4
2018,3,31,32.3
2018,3,32,32.2
2018,3,30,31.1
2018,3,33,31.5
2018,3,34,32.8
2018,3,35,31.3
2019,3,5,31.3
2019,3,1,31.9
2019,3,2,31.7
2019,3,3,31.1
2019,3,4,31.7
2019,3,6,31
2019,3,7,32.3
2019,3,9,30.2
2019,3,8,31.2
2019,3,10,31.5
2019,3,11,30.7
2019,3,12,31.9
2019,3,13,31.6
2019,3,14,31.1
2019,3,15,32.1
2019,3,16,32.1
2019,3,17,32.2
2019,3,18,31.7
2019,3,19,30.3
2019,3,21,31.4
2019,3,20,31.7
2019,3,22,32
2019,3,23,29.8
2019,3,24,32.5
2019,3,25,32
2019,3,26,32
2019,3,27,30.1
2019,3,28,31.2
2019,3,29,31.6
2019,3,31,32.1
2019,3,32,30.9
2019,3,30,30.9
2019,3,33,31
2019,3,34,31.2
2019,3,35,31.4
2020,3,5,32.7
2020,3,1,32.5
2020,3,2,32.2
2020,3,3,30.7
2020,3,4,32.5
2020,3,6,31.7
2020,3,7,31.9
2020,3,9,32.7
2020,3,8,31.3
2020,3,10,32.2
2020,3,11,29.6
2020,3,12,32.4
2020,3,13,32.4
2020,3,14,31.7
2020,3,15,31.4
2020,3,16,32.5
2020,3,17,32.6
2020,3,18,32.2
2020,3,19,30.9
2020,3,21,32
2020,3,20,32
2020,3,22,32.9
2020,3,23,30.3
2020,3,24,32.9
2020,3,25,31.6
2020,3,26,32.9
2020,3,27,29.8
2020,3,28,32.3
2020,3,29,31.9
2020,3,31,33.1
2020,3,32,31.9
2020,3,30,30.3
2020,3,33,31.8
2020,3,34,31.5
2020,3,35,32.2
2021,3,5,33.5
2021,3,1,34
2021,3,2,33.8
2021,3,3,32.7
2021,3,4,33.9
2021,3,6,32.9
2021,3,7,34.5
2021,3,9,32.9
2021,3,8,33
2021,3,10,34.4
2021,3,11,31.8
2021,3,12,34.5
2021,3,13,34.2
2021,3,14,32.8
2021,3,15,34.3
2021,3,16,35.2
2021,3,17,34.3
2021,3,18,34.5
2021,3,19,31.8
2021,3,21,33.4
2021,3,20,33.7
2021,3,22,34.9
2021,3,23,31.8
2021,3,24,34.4
2021,3,25,34.5
2021,3,26,34.9
2021,3,27,31.2
2021,3,28,33
2021,3,29,33.8
2021,3,31,34.3
2021,3,32,33.4
2021,3,30,32
2021,3,33,33.2
2021,3,34,33.9
2021,3,35,32.2
2022,3,5,33
2022,3,1,33.5
2022,3,2,33.4
2022,3,3,33.3
2022,3,4,34
2022,3,6,32.4
2022,3,7,33.7
2022,3,9,32.7
2022,3,8,32.8
2022,3,10,33.9
2022,3,11,32.4
2022,3,12,33.8
2022,3,13,33.9
2022,3,14,33
2022,3,15,33.9
2022,3,16,34
2022,3,17,33.5
2022,3,18,33.6
2022,3,19,31.7
2022,3,21,33.1
2022,3,20,33.2
2022,3,22,33.9
2022,3,23,32
2022,3,24,33.7
2022,3,25,34.8
2022,3,26,34.4
2022,3,27,32.2
2022,3,28,33.4
2022,3,29,32.9
2022,3,31,33.7
2022,3,32,33.2
2022,3,30,32.9
2022,3,33,33.5
2022,3,34,33.4
2022,3,35,33.2
2023,3,5,33.3
2023,3,1,32.5
2023,3,2,32.3
2023,3,3,31.4
2023,3,4,32.3
2023,3,6,32.1
2023,3,7,33.1
2023,3,9,33.1
2023,3,8,31.4
2023,3,10,32.4
2023,3,11,30.9
2023,3,12,32.5
2023,3,13,32.1
2023,3,14,31.5
2023,3,15,32.6
2023,3,16,33.2
2023,3,17,33.2
2023,3,18,32.5
2023,3,19,31.3
2023,3,21,31.6
2023,3,20,31.7
2023,3,22,33.1
2023,3,23,29.8
2023,3,24,32.7
2023,3,25,32.8
2023,3,26,32.8
2023,3,27,30.7
2023,3,28,32.3
2023,3,29,31.8
2023,3,31,32.6
2023,3,32,31.3
2023,3,30,31.7
2023,3,33,30.8
2023,3,34,31.8
2023,3,35,33.4
2024,3,1,32.2107609
2024,3,2,32.41310013
2024,3,3,31.42089621
2024,3,4,32.32431503
2024,3,5,32.2429074
2024,3,6,32.2639511
2024,3,7,32.86834678
2024,3,8,31.50365381
2024,3,9,32.22203813
2024,3,10,31.97297848
2024,3,11,30.57091313
2024,3,12,32.34869743
2024,3,13,32.22289953
2024,3,14,32.07062458
2024,3,15,32.21224946
2024,3,16,33.09924525
2024,3,17,32.80309523
2024,3,18,32.45806287
2024,3,19,31.7183252
2024,3,20,32.54440091
2024,3,21,32.01039521
2024,3,22,32.58858255
2024,3,23,30.79423244
2024,3,25,32.69776733
2024,3,26,32.73559159
2024,3,27,30.30947199
2024,3,28,32.32982773
2024,3,29,32.3116917
2024,3,30,30.56613292
2024,3,31,32.59966535
2024,3,32,31.95792967
2024,3,33,32.0532843
2024,3,34,31.89713135
2024,3,35,31.80799273
2025,3,1,32.21324593
2025,3,2,32.41103157
2025,3,3,31.40782146
2025,3,4,32.35381206
2025,3,5,32.29493037
2025,3,6,32.29732057
2025,3,7,32.86087691
2025,3,8,31.49566249
2025,3,9,32.27824701
2025,3,10,31.94677577
2025,3,11,30.54189812
2025,3,12,32.34972752
2025,3,13,32.23493034
2025,3,14,32.10795127
2025,3,15,32.20231772
2025,3,16,33.10534939
2025,3,17,32.846082
2025,3,18,32.43943895
2025,3,19,31.74946052
2025,3,20,32.52410076
2025,3,21,32.04453893
2025,3,22,32.57325886
2025,3,23,30.77712704
2025,3,25,32.71323987
2025,3,26,32.78757611
2025,3,27,30.28845915
2025,3,28,32.40839053
2025,3,29,32.26188219
2025,3,30,30.50836708
2025,3,31,32.66730082
2025,3,32,31.98130476
2025,3,33,32.09830266
2025,3,34,31.8897088
2025,3,35,31.8301574
2026,3,1,32.21573096
2026,3,2,32.40896301
2026,3,3,31.39474672
2026,3,4,32.38330909
2026,3,5,32.34695334
2026,3,6,32.33069005
2026,3,7,32.85340703
2026,3,8,31.48767116
2026,3,9,32.33445589
2026,3,10,31.92057305
2026,3,11,30.51288311
2026,3,12,32.35075761
2026,3,13,32.24696114
2026,3,14,32.14527797
2026,3,15,32.19238598
2026,3,16,33.11145353
2026,3,17,32.88906876
2026,3,18,32.42081503
2026,3,19,31.78059583
2026,3,20,32.5038006
2026,3,21,32.07868265
2026,3,22,32.55793517
2026,3,23,30.76002165
2026,3,25,32.7287124
2026,3,26,32.83956064
2026,3,27,30.26744631
2026,3,28,32.48695333
2026,3,29,32.21207268
2026,3,30,30.45060124
2026,3,31,32.7349363
2026,3,32,32.00467986
2026,3,33,32.14332102
2026,3,34,31.88228624
2026,3,35,31.85232206
2027,3,1,32.21821599
2027,3,2,32.40689445
2027,3,3,31.38167198
2027,3,4,32.41280612
2027,3,5,32.39897631
2027,3,6,32.36405953
2027,3,7,32.84593716
2027,3,8,31.47967984
2027,3,9,32.39066476
2027,3,10,31.89437034
2027,3,11,30.48386811
2027,3,12,32.3517877
2027,3,13,32.25899195
2027,3,14,32.18260467
2027,3,15,32.18245424
2027,3,16,33.11755768
2027,3,17,32.93205553
2027,3,18,32.40219111
2027,3,19,31.81173115
2027,3,20,32.48350044
2027,3,21,32.11282637
2027,3,22,32.54261148
2027,3,23,30.74291625
2027,3,25,32.74418494
2027,3,26,32.89154516
2027,3,27,30.24643347
2027,3,28,32.56551614
2027,3,29,32.16226317
2027,3,30,30.3928354
2027,3,31,32.80257178
2027,3,32,32.02805495
2027,3,33,32.18833938
2027,3,34,31.87486368
2027,3,35,31.87448673
2018,4,5,32.9
2018,4,1,33.5
2018,4,2,33.1
2018,4,3,31.8
2018,4,4,33.6
2018,4,6,32.9
2018,4,7,33.9
2018,4,9,33.5
2018,4,8,31.9
2018,4,10,33
2018,4,11,31.1
2018,4,12,33.1
2018,4,13,33.4
2018,4,14,32.9
2018,4,15,32.9
2018,4,16,34.8
2018,4,17,33.9
2018,4,18,34.6
2018,4,19,32.7
2018,4,21,33.5
2018,4,20,33.6
2018,4,22,34.5
2018,4,23,30.4
2018,4,24,34
2018,4,25,34
2018,4,26,33.7
2018,4,27,30.6
2018,4,28,32.7
2018,4,29,34.2
2018,4,31,33.4
2018,4,32,31.7
2018,4,30,30.9
2018,4,33,30.9
2018,4,34,31.9
2018,4,35,32.7
2019,4,5,33.6
2019,4,1,33.7
2019,4,2,33.9
2019,4,3,32.5
2019,4,4,34
2019,4,6,32.9
2019,4,7,34.5
2019,4,9,32.6
2019,4,8,33.7
2019,4,10,33.6
2019,4,11,31.3
2019,4,12,34.2
2019,4,13,34
2019,4,14,33.4
2019,4,15,34.1
2019,4,16,34.8
2019,4,17,33.9
2019,4,18,34.6
2019,4,19,33.1
2019,4,21,33.9
2019,4,20,33.9
2019,4,22,34.4
2019,4,23,31.6
2019,4,24,34.5
2019,4,25,34.5
2019,4,26,34.7
2019,4,27,31
2019,4,28,33.3
2019,4,29,34.3
2019,4,31,33.7
2019,4,32,32.9
2019,4,30,31.8
2019,4,33,32.4
2019,4,34,33.2
2019,4,35,33.4
2020,4,5,32.7
2020,4,1,33.6
2020,4,2,32.8
2020,4,3,32.2
2020,4,4,33.3
2020,4,6,32.7
2020,4,7,34.6
2020,4,9,33
2020,4,8,32.1
2020,4,10,33.8
2020,4,11,31.3
2020,4,12,34.1
2020,4,13,33.1
2020,4,14,32.5
2020,4,15,34.1
2020,4,16,34.9
2020,4,17,33.2
2020,4,18,34.4
2020,4,19,32.5
2020,4,21,33.4
2020,4,20,33.9
2020,4,22,34.7
2020,4,23,31.4
2020,4,24,33.9
2020,4,25,34.5
2020,4,26,34.5
2020,4,27,31.3
2020,4,28,32.5
2020,4,29,34.3
2020,4,31,33.1
2020,4,32,32.8
2020,4,30,31.6
2020,4,33,32.8
2020,4,34,33.1
2020,4,35,33.2
2021,4,5,34
2021,4,1,35.4
2021,4,2,35.1
2021,4,3,34.9
2021,4,4,35.2
2021,4,6,33.6
2021,4,7,36.7
2021,4,9,33.6
2021,4,8,34.6
2021,4,10,36.1
2021,4,11,34.1
2021,4,12,35.9
2021,4,13,35.9
2021,4,14,34.4
2021,4,15,36.7
2021,4,16,36.9
2021,4,17,35.6
2021,4,18,36.4
2021,4,19,33
2021,4,21,35.4
2021,4,20,35.7
2021,4,22,36.2
2021,4,23,33.7
2021,4,24,35.6
2021,4,25,37.5
2021,4,26,36.3
2021,4,27,33.3
2021,4,28,34.2
2021,4,29,35.4
2021,4,31,35.5
2021,4,32,35.1
2021,4,30,34.2
2021,4,33,33.8
2021,4,34,35.5
2021,4,35,33.6
2022,4,5,33
2022,4,1,33.8
2022,4,2,33.6
2022,4,3,33.4
2022,4,4,34.3
2022,4,6,33.1
2022,4,7,35.7
2022,4,9,33.4
2022,4,8,32.9
2022,4,10,34.1
2022,4,11,31.6
2022,4,12,34.4
2022,4,13,33.6
2022,4,14,33.1
2022,4,15,35.7
2022,4,16,35.7
2022,4,17,33.6
2022,4,18,35.1
2022,4,19,32.9
2022,4,21,33.7
2022,4,20,34.4
2022,4,22,35.3
2022,4,23,32
2022,4,24,34.1
2022,4,25,36.7
2022,4,26,34.8
2022,4,27,30.5
2022,4,28,32.5
2022,4,29,34.7
2022,4,31,33
2022,4,32,33.9
2022,4,30,31.3
2022,4,33,32
2022,4,34,34.2
2022,4,35,33.4
2023,4,5,35.1
2023,4,1,35.4
2023,4,2,35.4
2023,4,3,35.3
2023,4,4,35.6
2023,4,6,34.1
2023,4,7,38
2023,4,9,34.8
2023,4,8,34.6
2023,4,10,36.4
2023,4,11,34.4
2023,4,12,36.7
2023,4,13,35.7
2023,4,14,34.5
2023,4,15,37.3
2023,4,16,37.5
2023,4,17,35.7
2023,4,18,36.7
2023,4,19,33.9
2023,4,21,35.2
2023,4,20,35.5
2023,4,22,36.8
2023,4,23,34.1
2023,4,24,35.7
2023,4,25,37.5
2023,4,26,35.8
2023,4,27,34.1
2023,4,28,34.7
2023,4,29,36.2
2023,4,31,34.7
2023,4,32,34.9
2023,4,30,34.6
2023,4,33,33.3
2023,4,34,35.8
2023,4,35,34
2024,4,1,33.64498839
2024,4,2,33.61744914
2024,4,3,33.10856816
2024,4,4,33.48841621
2024,4,5,32.88881848
2024,4,6,33.22606006
2024,4,7,35.01666543
2024,4,8,32.72596967
2024,4,9,32.92421833
2024,4,10,33.49955655
2024,4,11,32.22780462
2024,4,12,34.00284245
2024,4,13,33.20729586
2024,4,14,32.78447581
2024,4,15,34.27102588
2024,4,16,35.34181574
2024,4,17,34.09396767
2024,4,18,34.55407477
2024,4,19,32.67672928
2024,4,20,33.86992608
2024,4,21,33.09956844
2024,4,22,34.38907352
2024,4,23,31.92296697
2024,4,25,35.24381066
2024,4,26,33.52061646
2024,4,27,31.75881829
2024,4,28,33.04838428
2024,4,29,34.6695088
2024,4,30,32.23205242
2024,4,31,33.34276712
2024,4,32,32.71555566
2024,4,33,32.1147896
2024,4,34,33.65674489
2024,4,35,32.43277453
2025,4,1,33.66436756
2025,4,2,33.63397372
2025,4,3,33.07320274
2025,4,4,33.53373681
2025,4,5,32.91796796
2025,4,6,33.24179166
2025,4,7,34.99252894
2025,4,8,32.74053447
2025,4,9,32.96776098
2025,4,10,33.50183411
2025,4,11,32.16918837
2025,4,12,34.00800874
2025,4,13,33.23263174
2025,4,14,32.81110632
2025,4,15,34.24540989
2025,4,16,35.34158249
2025,4,17,34.13865013
2025,4,18,34.56993828
2025,4,19,32.70587468
2025,4,20,33.85164444
2025,4,21,33.15948899
2025,4,22,34.40152527
2025,4,23,31.91106017
2025,4,25,35.25789724
2025,4,26,33.56277587
2025,4,27,31.71849591
2025,4,28,33.1210076
2025,4,29,34.6397201
2025,4,30,32.13109189
2025,4,31,33.39214221
2025,4,32,32.71402202
2025,4,33,32.15116393
2025,4,34,33.66527023
2025,4,35,32.44391891
2026,4,1,33.68374673
2026,4,2,33.65049829
2026,4,3,33.03783732
2026,4,4,33.57905741
2026,4,5,32.94711744
2026,4,6,33.25752326
2026,4,7,34.96839245
2026,4,8,32.75509928
2026,4,9,33.01130364
2026,4,10,33.50411168
2026,4,11,32.11057212
2026,4,12,34.01317502
2026,4,13,33.25796762
2026,4,14,32.83773683
2026,4,15,34.2197939
2026,4,16,35.34134923
2026,4,17,34.18333258
2026,4,18,34.58580179
2026,4,19,32.73502008
2026,4,20,33.8333628
2026,4,21,33.21940954
2026,4,22,34.41397701
2026,4,23,31.89915337
2026,4,25,35.27198382
2026,4,26,33.60493528
2026,4,27,31.67817353
2026,4,28,33.19363093
2026,4,29,34.60993141
2026,4,30,32.03013136
2026,4,31,33.44151731
2026,4,32,32.71248838
2026,4,33,32.18753826
2026,4,34,33.67379557
2026,4,35,32.4550633
2027,4,1,33.7031259
2027,4,2,33.66702286
2027,4,3,33.0024719
2027,4,4,33.62437801
2027,4,5,32.97626692
2027,4,6,33.27325486
2027,4,7,34.94425596
2027,4,8,32.76966409
2027,4,9,33.05484629
2027,4,10,33.50638924
2027,4,11,32.05195588
2027,4,12,34.0183413
2027,4,13,33.2833035
2027,4,14,32.86436733
2027,4,15,34.1941779
2027,4,16,35.34111597
2027,4,17,34.22801504
2027,4,18,34.6016653
2027,4,19,32.76416549
2027,4,20,33.81508116
2027,4,21,33.27933009
2027,4,22,34.42642876
2027,4,23,31.88724657
2027,4,25,35.2860704
2027,4,26,33.64709469
2027,4,27,31.63785114
2027,4,28,33.26625425
2027,4,29,34.58014272
2027,4,30,31.92917083
2027,4,31,33.4908924
2027,4,32,32.71095474
2027,4,33,32.22391259
2027,4,34,33.6823209
2027,4,35,32.46620768
2018,5,5,32.1
2018,5,1,32.8
2018,5,2,32.3
2018,5,3,31.5
2018,5,4,32.8
2018,5,6,32.8
2018,5,7,33.4
2018,5,9,32.4
2018,5,8,31.1
2018,5,10,32.3
2018,5,11,31.7
2018,5,12,32.6
2018,5,13,32.2
2018,5,14,32.4
2018,5,15,32.9
2018,5,16,34.1
2018,5,17,33.5
2018,5,18,33.8
2018,5,19,32.5
2018,5,21,32.6
2018,5,20,32.7
2018,5,22,33.7
2018,5,23,30.5
2018,5,24,33.2
2018,5,25,33.4
2018,5,26,32.1
2018,5,27,31.1
2018,5,28,31.8
2018,5,29,34.1
2018,5,31,32.2
2018,5,32,31.6
2018,5,30,31.5
2018,5,33,30.4
2018,5,34,31.9
2018,5,35,33.1
2019,5,5,33.9
2019,5,1,34.8
2019,5,2,34.5
2019,5,3,33.7
2019,5,4,34.7
2019,5,6,33.7
2019,5,7,36
2019,5,9,33.5
2019,5,8,34.2
2019,5,10,34.5
2019,5,11,34
2019,5,12,35
2019,5,13,34.4
2019,5,14,34
2019,5,15,35.8
2019,5,16,36.6
2019,5,17,34.2
2019,5,18,36.1
2019,5,19,34.1
2019,5,21,35.1
2019,5,20,35.2
2019,5,22,36
2019,5,23,32.4
2019,5,24,35.1
2019,5,25,36.1
2019,5,26,34.6
2019,5,27,32
2019,5,28,33.3
2019,5,29,35.7
2019,5,31,33.6
2019,5,32,33.6
2019,5,30,32.9
2019,5,33,32.3
2019,5,34,34.7
2019,5,35,34.1
2020,5,5,33.2
2020,5,1,33.6
2020,5,2,33.4
2020,5,3,32
2020,5,4,33.7
2020,5,6,33.1
2020,5,7,33.5
2020,5,9,33.2
2020,5,8,32.5
2020,5,10,33.3
2020,5,11,31.6
2020,5,12,32.9
2020,5,13,33.3
2020,5,14,32.9
2020,5,15,33.6
2020,5,16,34.5
2020,5,17,33.7
2020,5,18,34.1
2020,5,19,32.6
2020,5,21,33.7
2020,5,20,33.5
2020,5,22,33.9
2020,5,23,32
2020,5,24,34
2020,5,25,33.7
2020,5,26,33.5
2020,5,27,31.5
2020,5,28,33
2020,5,29,33.9
2020,5,31,33.5
2020,5,32,32..4
2020,5,30,31.9
2020,5,33,31.5
2020,5,34,33
2020,5,35,33.3
2021,5,5,33.8
2021,5,1,34.7
2021,5,2,34.3
2021,5,3,33.3
2021,5,4,35.1
2021,5,6,33.7
2021,5,7,34.7
2021,5,9,33.9
2021,5,8,34.5
2021,5,10,34.9
2021,5,11,32.1
2021,5,12,34.6
2021,5,13,35.6
2021,5,14,33.6
2021,5,15,34.8
2021,5,16,35.6
2021,5,17,34.7
2021,5,18,36.4
2021,5,19,33.4
2021,5,21,35.3
2021,5,20,34.7
2021,5,22,35
2021,5,23,33
2021,5,24,34.9
2021,5,25,34.6
2021,5,26,35.6
2021,5,27,31.5
2021,5,28,33.8
2021,5,29,34.8
2021,5,31,35.2
2021,5,32,34.4
2021,5,30,32
2021,5,33,33
2021,5,34,34.5
2021,5,35,34.2
2022,5,5,32.7
2022,5,1,33.6
2022,5,2,33.3
2022,5,3,32.8
2022,5,4,34.1
2022,5,6,33.1
2022,5,7,34.2
2022,5,9,32.8
2022,5,8,33
2022,5,10,33.5
2022,5,11,32.5
2022,5,12,33.4
2022,5,13,32.8
2022,5,14,32.9
2022,5,15,34
2022,5,16,34.9
2022,5,17,33.7
2022,5,18,34.8
2022,5,19,32.8
2022,5,21,33.4
2022,5,20,34.1
2022,5,22,34.8
2022,5,23,31.8
2022,5,24,33.7
2022,5,25,34.7
2022,5,26,32.6
2022,5,27,32
2022,5,28,32.5
2022,5,29,34.2
2022,5,31,32.7
2022,5,32,32.3
2022,5,30,33
2022,5,33,31.1
2022,5,34,33.1
2022,5,35,32.9
2023,5,5,33.6
2023,5,1,34.6
2023,5,2,34.4
2023,5,3,34.6
2023,5,4,34.7
2023,5,6,33.2
2023,5,7,36.3
2023,5,9,33.4
2023,5,8,34.2
2023,5,10,35.4
2023,5,11,34.5
2023,5,12,34.6
2023,5,13,34.5
2023,5,14,33.3
2023,5,15,35.7
2023,5,16,35.8
2023,5,17,34.7
2023,5,18,35.7
2023,5,19,33.4
2023,5,21,34.2
2023,5,20,34.8
2023,5,22,35.3
2023,5,23,33.5
2023,5,24,34.7
2023,5,25,36.3
2023,5,26,34.8
2023,5,27,34
2023,5,28,33.7
2023,5,29,35.3
2023,5,31,33.6
2023,5,32,34.5
2023,5,30,34.8
2023,5,33,33.3
2023,5,34,35.1
2023,5,35,33.7
2024,5,1,33.71419043
2024,5,2,33.71916968
2024,5,3,33.87682715
2024,5,4,33.76799398
2024,5,5,32.68917497
2024,5,6,33.07985224
2024,5,7,35.27424053
2024,5,8,32.87452988
2024,5,9,33.00687973
2024,5,10,33.80382872
2024,5,11,33.58009637
2024,5,12,34.54822203
2024,5,13,33.05723267
2024,5,14,32.88209842
2024,5,15,35.03389235
2024,5,16,35.55417428
2024,5,17,34.17466817
2024,5,18,35.10843536
2024,5,19,32.79332681
2024,5,20,33.80992833
2024,5,21,33.56900693
2024,5,22,34.92622499
2024,5,23,32.59106637
2024,5,25,35.46052375
2024,5,26,33.4670427
2024,5,27,32.86168172
2024,5,28,32.90910756
2024,5,29,35.07374186
2024,5,30,33.28435671
2024,5,31,33.25392457
2024,5,32,32.80360528
2024,5,33,32.17635877
2024,5,34,34.16295514
2024,5,35,32.63261423
2025,5,1,33.76321578
2025,5,2,33.75206453
2025,5,3,33.91131248
2025,5,4,33.82775563
2025,5,5,32.70128517
2025,5,6,33.08357978
2025,5,7,35.3020426
2025,5,8,32.91213386
2025,5,9,33.04760227
2025,5,10,33.84388441
2025,5,11,33.61396187
2025,5,12,34.59031523
2025,5,13,33.09514884
2025,5,14,32.92349914
2025,5,15,35.06828896
2025,5,16,35.60884788
2025,5,17,34.23870228
2025,5,18,35.15740946
2025,5,19,32.81672857
2025,5,20,33.83035318
2025,5,21,33.64390478
2025,5,22,34.97034535
2025,5,23,32.6366185
2025,5,25,35.50741943
2025,5,26,33.49964351
2025,5,27,32.88867055
2025,5,28,32.98202636
2025,5,29,35.07823039
2025,5,30,33.25484933
2025,5,31,33.31285111
2025,5,32,32.83672754
2025,5,33,32.23424438
2025,5,34,34.21894321
2025,5,35,32.64981228
2026,5,1,33.81224114
2026,5,2,33.78495937
2026,5,3,33.9457978
2026,5,4,33.88751728
2026,5,5,32.71339538
2026,5,6,33.08730732
2026,5,7,35.32984466
2026,5,8,32.94973784
2026,5,9,33.08832481
2026,5,10,33.8839401
2026,5,11,33.64782737
2026,5,12,34.63240843
2026,5,13,33.133065
2026,5,14,32.96489986
2026,5,15,35.10268557
2026,5,16,35.66352148
2026,5,17,34.30273639
2026,5,18,35.20638356
2026,5,19,32.84013033
2026,5,20,33.85077803
2026,5,21,33.71880264
2026,5,22,35.01446571
2026,5,23,32.68217063
2026,5,25,35.55431512
2026,5,26,33.53224431
2026,5,27,32.91565939
2026,5,28,33.05494516
2026,5,29,35.08271892
2026,5,30,33.22534195
2026,5,31,33.37177764
2026,5,32,32.86984979
2026,5,33,32.29212998
2026,5,34,34.27493128
2026,5,35,32.66701034
2027,5,1,33.8612665
2027,5,2,33.81785422
2027,5,3,33.98028313
2027,5,4,33.94727893
2027,5,5,32.72550558
2027,5,6,33.09103487
2027,5,7,35.35764673
2027,5,8,32.98734182
2027,5,9,33.12904735
2027,5,10,33.9239958
2027,5,11,33.68169287
2027,5,12,34.67450163
2027,5,13,33.17098116
2027,5,14,33.00630059
2027,5,15,35.13708218
2027,5,16,35.71819508
2027,5,17,34.36677049
2027,5,18,35.25535766
2027,5,19,32.86353209
2027,5,20,33.87120289
2027,5,21,33.79370049
2027,5,22,35.05858606
2027,5,23,32.72772276
2027,5,25,35.6012108
2027,5,26,33.56484511
2027,5,27,32.94264822
2027,5,28,33.12786397
2027,5,29,35.08720745
2027,5,30,33.19583457
2027,5,31,33.43070418
2027,5,32,32.90297205
2027,5,33,32.35001559
2027,5,34,34.33091936
2027,5,35,32.6842084
2018,6,5,31.6
2018,6,1,33.2
2018,6,2,32.8
2018,6,3,33.3
2018,6,4,33.1
2018,6,6,32.1
2018,6,7,35.1
2018,6,9,31.2
2018,6,8,31.8
2018,6,10,33.5
2018,6,11,33.9
2018,6,12,33.8
2018,6,13,32.3
2018,6,14,31.7
2018,6,15,35
2018,6,16,35.1
2018,6,17,32.6
2018,6,18,34.3
2018,6,19,31.6
2018,6,21,32.5
2018,6,20,33.4
2018,6,22,33.4
2018,6,23,32.3
2018,6,24,32.9
2018,6,25,35.6
2018,6,26,31.7
2018,6,27,33.3
2018,6,28,31.5
2018,6,29,34.4
2018,6,31,32.3
2018,6,32,33
2018,6,30,33.7
2018,6,33,32.6
2018,6,34,34.1
2018,6,35,31.1
2019,6,5,32.9
2019,6,1,34
2019,6,2,33.8
2019,6,3,33.6
2019,6,4,34.2
2019,6,6,33.2
2019,6,7,35.2
2019,6,9,33.2
2019,6,8,32.5
2019,6,10,33.5
2019,6,11,34.1
2019,6,12,34.1
2019,6,13,33.8
2019,6,14,33.3
2019,6,15,34.8
2019,6,16,36
2019,6,17,33.4
2019,6,18,35.1
2019,6,19,33.4
2019,6,21,33.9
2019,6,20,34.2
2019,6,22,34.8
2019,6,23,32.3
2019,6,24,33.9
2019,6,25,35.8
2019,6,26,33.5
2019,6,27,33.7
2019,6,28,32.9
2019,6,29,34.7
2019,6,31,33.4
2019,6,32,33.3
2019,6,30,34.1
2019,6,33,32.7
2019,6,34,34.1
2019,6,35,32.3
2020,6,5,32.2
2020,6,1,32.6
2020,6,2,32.3
2020,6,3,33.3
2020,6,4,33
2020,6,6,32.6
2020,6,7,34.2
2020,6,9,31.5
2020,6,8,31.8
2020,6,10,33.3
2020,6,11,33.1
2020,6,12,33.1
2020,6,13,32.5
2020,6,14,31.6
2020,6,15,34.1
2020,6,16,34.4
2020,6,17,32.4
2020,6,18,33.5
2020,6,19,32
2020,6,21,32.7
2020,6,20,32.8
2020,6,22,33
2020,6,23,32.6
2020,6,24,32.4
2020,6,25,34.7
2020,6,26,32.7
2020,6,27,32.9
2020,6,28,31.9
2020,6,29,33.4
2020,6,31,32.5
2020,6,32,32.8
2020,6,30,33.1
2020,6,33,32.1
2020,6,34,33.5
2020,6,35,33.5
2021,6,5,31
2021,6,1,33.9
2021,6,2,33.8
2021,6,3,32.7
2021,6,4,32
2021,6,6,31.6
2021,6,7,33.2
2021,6,9,30.8
2021,6,8,31.8
2021,6,10,32.5
2021,6,11,33.3
2021,6,12,32.6
2021,6,13,31.9
2021,6,14,30.9
2021,6,15,33.5
2021,6,16,33.5
2021,6,17,32
2021,6,18,35.4
2021,6,19,31.2
2021,6,21,31.6
2021,6,20,31.9
2021,6,22,32.9
2021,6,23,32
2021,6,24,33.8
2021,6,25,34.1
2021,6,26,31.4
2021,6,27,32.7
2021,6,28,31
2021,6,29,32.5
2021,6,31,31.2
2021,6,32,32.9
2021,6,30,33.1
2021,6,33,32.1
2021,6,34,32.8
2021,6,35,30.6
2022,6,5,31.6
2022,6,1,33.1
2022,6,2,32.7
2022,6,3,32.5
2022,6,4,33
2022,6,6,32.1
2022,6,7,34.6
2022,6,9,31.2
2022,6,8,31.6
2022,6,10,33.3
2022,6,11,32.2
2022,6,12,33.4
2022,6,13,31.7
2022,6,14,31.5
2022,6,15,34.4
2022,6,16,34.7
2022,6,17,32.7
2022,6,18,34
2022,6,19,32
2022,6,21,32.3
2022,6,20,33.3
2022,6,22,34.1
2022,6,23,31
2022,6,24,32.9
2022,6,25,34.9
2022,6,26,31.7
2022,6,27,31.8
2022,6,28,31.5
2022,6,29,33.9
2022,6,31,31.8
2022,6,32,31.9
2022,6,30,32.3
2022,6,33,29.8
2022,6,34,33.4
2022,6,35,31.7
2023,6,5,32.7
2023,6,1,33.5
2023,6,2,33.5
2023,6,3,34.9
2023,6,4,33.8
2023,6,6,32.9
2023,6,7,35.9
2023,6,9,32.4
2023,6,8,32.8
2023,6,10,34.2
2023,6,11,35.2
2023,6,12,33.9
2023,6,13,32.5
2023,6,14,32.3
2023,6,15,36.3
2023,6,16,35.8
2023,6,17,33.2
2023,6,18,34.7
2023,6,19,32.5
2023,6,21,32.6
2023,6,20,34
2023,6,22,34.8
2023,6,23,32.8
2023,6,24,33.5
2023,6,25,37.3
2023,6,26,33.2
2023,6,27,33.7
2023,6,28,32.5
2023,6,29,34.5
2023,6,31,32.6
2023,6,32,33.4
2023,6,30,34.9
2023,6,33,31.9
2023,6,34,34.8
2023,6,35,31.5
2024,6,1,33.00730978
2024,6,2,33.182995
2024,6,3,33.33259437
2024,6,4,33.17390937
2024,6,5,32.44256637
2024,6,6,32.51366125
2024,6,7,34.49406828
2024,6,8,32.54087123
2024,6,9,32.68745555
2024,6,10,33.05589924
2024,6,11,33.59194174
2024,6,12,33.68856599
2024,6,13,32.64165992
2024,6,14,32.40099411
2024,6,15,34.05987563
2024,6,16,34.67146544
2024,6,17,33.01730272
2024,6,18,33.9017304
2024,6,19,32.4719033
2024,6,20,33.04659141
2024,6,21,33.10987925
2024,6,22,33.69799122
2024,6,23,32.50808098
2024,6,25,34.5860045
2024,6,26,33.00457705
2024,6,27,32.92358738
2024,6,28,31.90658754
2024,6,29,34.14477776
2024,6,30,33.73074206
2024,6,31,32.84325246
2024,6,32,32.53542959
2024,6,33,32.01390801
2024,6,34,33.46147838
2024,6,35,31.98826138
2025,6,1,33.04758785
2025,6,2,33.21456057
2025,6,3,33.36805731
2025,6,4,33.22240848
2025,6,5,32.45722845
2025,6,6,32.52241908
2025,6,7,34.54834228
2025,6,8,32.56374416
2025,6,9,32.74450317
2025,6,10,33.086078
2025,6,11,33.62851674
2025,6,12,33.73694898
2025,6,13,32.66965763
2025,6,14,32.43571884
2025,6,15,34.10539027
2025,6,16,34.73738905
2025,6,17,33.0640086
2025,6,18,33.93902197
2025,6,19,32.52087708
2025,6,20,33.07023974
2025,6,21,33.17717158
2025,6,22,33.72215776
2025,6,23,32.5392707
2025,6,25,34.64718504
2025,6,26,33.04522742
2025,6,27,32.94485145
2025,6,28,31.97106332
2025,6,29,34.16749434
2025,6,30,33.76137461
2025,6,31,32.89544752
2025,6,32,32.55031495
2025,6,33,32.02921435
2025,6,34,33.51475651
2025,6,35,32.02845695
2026,6,1,33.08786593
2026,6,2,33.24612614
2026,6,3,33.40352026
2026,6,4,33.27090759
2026,6,5,32.47189054
2026,6,6,32.53117692
2026,6,7,34.60261628
2026,6,8,32.58661709
2026,6,9,32.80155079
2026,6,10,33.11625676
2026,6,11,33.66509173
2026,6,12,33.78533197
2026,6,13,32.69765533
2026,6,14,32.47044357
2026,6,15,34.15090491
2026,6,16,34.80331266
2026,6,17,33.11071449
2026,6,18,33.97631354
2026,6,19,32.56985085
2026,6,20,33.09388807
2026,6,21,33.24446392
2026,6,22,33.7463243
2026,6,23,32.57046041
2026,6,25,34.70836559
2026,6,26,33.08587779
2026,6,27,32.96611552
2026,6,28,32.03553911
2026,6,29,34.19021091
2026,6,30,33.79200715
2026,6,31,32.94764258
2026,6,32,32.56520031
2026,6,33,32.04452069
2026,6,34,33.56803464
2026,6,35,32.06865252
2027,6,1,33.128144
2027,6,2,33.27769171
2027,6,3,33.43898321
2027,6,4,33.3194067
2027,6,5,32.48655262
2027,6,6,32.53993475
2027,6,7,34.65689029
2027,6,8,32.60949002
2027,6,9,32.85859841
2027,6,10,33.14643553
2027,6,11,33.70166673
2027,6,12,33.83371496
2027,6,13,32.72565304
2027,6,14,32.50516829
2027,6,15,34.19641955
2027,6,16,34.86923626
2027,6,17,33.15742037
2027,6,18,34.01360511
2027,6,19,32.61882462
2027,6,20,33.11753641
2027,6,21,33.31175625
2027,6,22,33.77049083
2027,6,23,32.60165012
2027,6,25,34.76954613
2027,6,26,33.12652816
2027,6,27,32.98737959
2027,6,28,32.10001489
2027,6,29,34.21292749
2027,6,30,33.8226397
2027,6,31,32.99983764
2027,6,32,32.58008566
2027,6,33,32.05982703
2027,6,34,33.62131276
2027,6,35,32.10884809
2018,7,5,31.4
2018,7,1,31.8
2018,7,2,31.7
2018,7,3,32.9
2018,7,4,32.8
2018,7,6,31.9
2018,7,7,33.1
2018,7,9,30.7
2018,7,8,31.6
2018,7,10,32.7
2018,7,11,33.5
2018,7,12,32.6
2018,7,13,31.7
2018,7,14,30.7
2018,7,15,33.3
2018,7,16,33.5
2018,7,17,31.7
2018,7,18,32.8
2018,7,19,31.2
2018,7,21,31.4
2018,7,20,32.4
2018,7,22,31.8
2018,7,23,32.4
2018,7,24,31.6
2018,7,25,33.9
2018,7,26,31.9
2018,7,27,33.3
2018,7,28,31.1
2018,7,29,32.6
2018,7,31,31.7
2018,7,32,33.6
2018,7,30,33.4
2018,7,33,33.3
2018,7,34,33.1
2018,7,35,30.6
2019,7,5,31.1
2019,7,1,32.3
2019,7,2,31.8
2019,7,3,32.7
2019,7,4,32.4
2019,7,6,31.4
2019,7,7,34.1
2019,7,9,31.4
2019,7,8,31
2019,7,10,32.9
2019,7,11,32.8
2019,7,12,33.5
2019,7,13,31.9
2019,7,14,30.8
2019,7,15,34
2019,7,16,34.5
2019,7,17,31.7
2019,7,18,33.6
2019,7,19,31
2019,7,21,31.9
2019,7,20,33
2019,7,22,33.6
2019,7,23,32.5
2019,7,24,32.1
2019,7,25,34.5
2019,7,26,31.3
2019,7,27,32.8
2019,7,28,30.7
2019,7,29,34
2019,7,31,31.5
2019,7,32,32.6
2019,7,30,32.8
2019,7,33,32.3
2019,7,34,33.3
2019,7,35,30.6
2020,7,5,31.7
2020,7,1,32.6
2020,7,2,32.4
2020,7,3,32.4
2020,7,4,32.8
2020,7,6,32
2020,7,7,33.9
2020,7,9,31.1
2020,7,8,31.6
2020,7,10,33
2020,7,11,31.9
2020,7,12,32.9
2020,7,13,32.2
2020,7,14,31.3
2020,7,15,33.8
2020,7,16,34.5
2020,7,17,32.7
2020,7,18,33.2
2020,7,19,31.6
2020,7,21,32.4
2020,7,20,32.4
2020,7,22,33
2020,7,23,32
2020,7,24,32.3
2020,7,25,33.8
2020,7,26,32.1
2020,7,27,32
2020,7,28,31.7
2020,7,29,33.4
2020,7,31,32.2
2020,7,32,33
2020,7,30,31.9
2020,7,33,31.9
2020,7,34,33.1
2020,7,35,33.1
2021,7,5,31.2
2021,7,1,32.5
2021,7,2,32
2021,7,3,33.1
2021,7,4,32.9
2021,7,6,31.9
2021,7,7,33.4
2021,7,9,30.9
2021,7,8,31.7
2021,7,10,32.8
2021,7,11,33.5
2021,7,12,32.8
2021,7,13,32.6
2021,7,14,31.1
2021,7,15,33.9
2021,7,16,33.7
2021,7,17,31.9
2021,7,18,35.4
2021,7,19,31.4
2021,7,21,32.2
2021,7,20,32.6
2021,7,22,32.6
2021,7,23,32.5
2021,7,24,31.8
2021,7,25,34.1
2021,7,26,32
2021,7,27,32.2
2021,7,28,31.4
2021,7,29,32.8
2021,7,31,31.9
2021,7,32,32.9
2021,7,30,33.5
2021,7,33,32.9
2021,7,34,32.8
2021,7,35,30.5
2022,7,5,33
2022,7,1,33.1
2022,7,2,33.1
2022,7,3,34.1
2022,7,4,34
2022,7,6,33.2
2022,7,7,34.9
2022,7,9,32.2
2022,7,8,33.5
2022,7,10,34.2
2022,7,11,34.6
2022,7,12,33.8
2022,7,13,33.6
2022,7,14,31.7
2022,7,15,35
2022,7,16,34.5
2022,7,17,32.7
2022,7,18,33.7
2022,7,19,33
2022,7,21,33.4
2022,7,20,33.7
2022,7,22,33.7
2022,7,23,33.2
2022,7,24,32.8
2022,7,25,36.4
2022,7,26,33.6
2022,7,27,34.7
2022,7,28,32.6
2022,7,29,32.8
2022,7,31,33.1
2022,7,32,34
2022,7,30,35.5
2022,7,33,34
2022,7,34,34.4
2022,7,35,31.9
2023,7,5,33.5
2023,7,1,33.4
2023,7,2,33.5
2023,7,3,34.2
2023,7,4,34
2023,7,6,33.7
2023,7,7,35.4
2023,7,9,32.3
2023,7,8,33.4
2023,7,10,34.4
2023,7,11,34.1
2023,7,12,34.4
2023,7,13,34
2023,7,14,32
2023,7,15,35.3
2023,7,16,34.7
2023,7,17,33
2023,7,18,33.9
2023,7,19,33.2
2023,7,21,33.2
2023,7,20,33.9
2023,7,22,34.5
2023,7,23,33.6
2023,7,24,33.1
2023,7,25,35.8
2023,7,26,33.9
2023,7,27,33.9
2023,7,28,33
2023,7,29,33.9
2023,7,31,33.7
2023,7,32,34.4
2023,7,30,34.2
2023,7,33,33.2
2023,7,34,34.7
2023,7,35,34.7
2024,7,1,32.16918403
2024,7,2,32.29096731
2024,7,3,32.93610794
2024,7,4,32.4967312
2024,7,5,31.66780525
2024,7,6,31.51511609
2024,7,7,33.46881105
2024,7,8,32.02807432
2024,7,9,31.13190563
2024,7,10,32.47215406
2024,7,11,33.38418394
2024,7,12,32.88378403
2024,7,13,31.46955177
2024,7,14,30.97227532
2024,7,15,33.17186466
2024,7,16,33.33029365
2024,7,17,31.50543872
2024,7,18,32.6125489
2024,7,19,31.17409896
2024,7,20,32.3333817
2024,7,21,32.08598964
2024,7,22,32.29236001
2024,7,23,32.31465016
2024,7,25,33.62613473
2024,7,26,32.6489876
2024,7,27,32.82441632
2024,7,28,31.10274418
2024,7,29,32.68254802
2024,7,30,33.44099323
2024,7,31,31.60140103
2024,7,32,32.58286552
2024,7,33,32.11074275
2024,7,34,32.95884896
2024,7,35,30.62494802
2025,7,1,32.19074888
2025,7,2,32.30899043
2025,7,3,32.98291244
2025,7,4,32.53260098
2025,7,5,31.67454321
2025,7,6,31.51803484
2025,7,7,33.50914077
2025,7,8,32.05844865
2025,7,9,31.16667233
2025,7,10,32.50168756
2025,7,11,33.44063058
2025,7,12,32.92537993
2025,7,13,31.49770648
2025,7,14,30.99298258
2025,7,15,33.21429109
2025,7,16,33.3719965
2025,7,17,31.53449957
2025,7,18,32.63215067
2025,7,19,31.20564232
2025,7,20,32.34414884
2025,7,21,32.142752
2025,7,22,32.29959626
2025,7,23,32.35204044
2025,7,25,33.67383946
2025,7,26,32.69155445
2025,7,27,32.86867813
2025,7,28,31.16108835
2025,7,29,32.6844076
2025,7,30,33.48558181
2025,7,31,31.65702783
2025,7,32,32.626383
2025,7,33,32.15607901
2025,7,34,33.01498883
2025,7,35,30.63726917
2026,7,1,32.21231373
2026,7,2,32.32701354
2026,7,3,33.02971695
2026,7,4,32.56847077
2026,7,5,31.68128118
2026,7,6,31.52095359
2026,7,7,33.5494705
2026,7,8,32.08882298
2026,7,9,31.20143903
2026,7,10,32.53122106
2026,7,11,33.49707721
2026,7,12,32.96697583
2026,7,13,31.52586119
2026,7,14,31.01368984
2026,7,15,33.25671752
2026,7,16,33.41369935
2026,7,17,31.56356041
2026,7,18,32.65175243
2026,7,19,31.23718568
2026,7,20,32.35491599
2026,7,21,32.19951437
2026,7,22,32.30683252
2026,7,23,32.38943071
2026,7,25,33.72154418
2026,7,26,32.73412129
2026,7,27,32.91293994
2026,7,28,31.21943251
2026,7,29,32.68626718
2026,7,30,33.53017039
2026,7,31,31.71265463
2026,7,32,32.66990049
2026,7,33,32.20141526
2026,7,34,33.07112871
2026,7,35,30.64959032
2027,7,1,32.23387857
2027,7,2,32.34503666
2027,7,3,33.07652145
2027,7,4,32.60434055
2027,7,5,31.68801915
2027,7,6,31.52387234
2027,7,7,33.58980023
2027,7,8,32.11919731
2027,7,9,31.23620574
2027,7,10,32.56075457
2027,7,11,33.55352385
2027,7,12,33.00857173
2027,7,13,31.5540159
2027,7,14,31.03439711
2027,7,15,33.29914395
2027,7,16,33.4554022
2027,7,17,31.59262126
2027,7,18,32.67135419
2027,7,19,31.26872904
2027,7,20,32.36568313
2027,7,21,32.25627673
2027,7,22,32.31406877
2027,7,23,32.42682099
2027,7,25,33.7692489
2027,7,26,32.77668814
2027,7,27,32.95720175
2027,7,28,31.27777668
2027,7,29,32.68812677
2027,7,30,33.57475897
2027,7,31,31.76828143
2027,7,32,32.71341797
2027,7,33,32.24675152
2027,7,34,33.12726858
2027,7,35,30.66191147
2018,8,5,32.5
2018,8,1,32.4
2018,8,2,32.3
2018,8,3,33.3
2018,8,4,33.1
2018,8,6,32.8
2018,8,7,33.5
2018,8,9,31.5
2018,8,8,32.2
2018,8,10,33.7
2018,8,11,33.8
2018,8,12,33.1
2018,8,13,32.7
2018,8,14,31.5
2018,8,15,33.8
2018,8,16,33.8
2018,8,17,32.2
2018,8,18,33.2
2018,8,19,32.2
2018,8,21,32.5
2018,8,20,32.9
2018,8,22,32.1
2018,8,23,32.7
2018,8,24,32.4
2018,8,25,34.6
2018,8,26,32.9
2018,8,27,33.5
2018,8,28,31.6
2018,8,29,33
2018,8,31,32.5
2018,8,32,33.8
2018,8,30,33.8
2018,8,33,33.8
2018,8,34,33.3
2018,8,35,31.1
2019,8,5,32.2
2019,8,1,32.7
2019,8,2,32.4
2019,8,3,33.9
2019,8,4,33.3
2019,8,6,32.6
2019,8,7,33.5
2019,8,9,32.6
2019,8,8,31.5
2019,8,10,33.7
2019,8,11,34.6
2019,8,12,33.4
2019,8,13,32.9
2019,8,14,31.7
2019,8,15,33.9
2019,8,16,33.6
2019,8,17,32.2
2019,8,18,33
2019,8,19,32.1
2019,8,21,32.8
2019,8,20,33.1
2019,8,22,33
2019,8,23,33.5
2019,8,24,32.3
2019,8,25,34.5
2019,8,26,32.9
2019,8,27,34.1
2019,8,28,32.1
2019,8,29,33.1
2019,8,31,32.5
2019,8,32,34
2019,8,30,34.6
2019,8,33,34.3
2019,8,34,34.1
2019,8,35,34.1
2020,8,5,31.8
2020,8,1,32.1
2020,8,2,31.7
2020,8,3,33.6
2020,8,4,32.4
2020,8,6,31.9
2020,8,7,33.5
2020,8,9,30.7
2020,8,8,32.1
2020,8,10,32.9
2020,8,11,34
2020,8,12,32.7
2020,8,13,32.6
2020,8,14,30.6
2020,8,15,33.8
2020,8,16,33.4
2020,8,17,31.7
2020,8,18,32.7
2020,8,19,31.1
2020,8,21,32
2020,8,20,32
2020,8,22,32.4
2020,8,23,33
2020,8,24,31.6
2020,8,25,34.4
2020,8,26,32.4
2020,8,27,34.1
2020,8,28,31.6
2020,8,29,32.7
2020,8,31,32.5
2020,8,32,33.9
2020,8,30,34.2
2020,8,33,33.7
2020,8,34,33.8
2020,8,35,33.8
2021,8,5,31.1
2021,8,1,32.5
2021,8,2,32.6
2021,8,3,32.9
2021,8,4,33.1
2021,8,6,31.7
2021,8,7,33.7
2021,8,9,30.9
2021,8,8,32.1
2021,8,10,32.2
2021,8,11,33.2
2021,8,12,32.7
2021,8,13,32.4
2021,8,14,31.3
2021,8,15,34
2021,8,16,33.7
2021,8,17,31.9
2021,8,18,32.4
2021,8,19,31.5
2021,8,21,32
2021,8,20,32.5
2021,8,22,32.9
2021,8,23,32.1
2021,8,24,32.1
2021,8,25,34.1
2021,8,26,31.4
2021,8,27,33
2021,8,28,31.3
2021,8,29,32.2
2021,8,31,31.7
2021,8,32,32.8
2021,8,30,32.8
2021,8,33,31.8
2021,8,34,33
2021,8,35,31.3
2022,8,5,32.8
2022,8,1,32.9
2022,8,2,32.9
2022,8,3,33.8
2022,8,4,34.1
2022,8,6,33.2
2022,8,7,33.7
2022,8,9,32.3
2022,8,8,33.7
2022,8,10,34.2
2022,8,11,33.6
2022,8,12,33.5
2022,8,13,33.7
2022,8,14,31.7
2022,8,15,34.4
2022,8,16,33.8
2022,8,17,32.6
2022,8,18,33.4
2022,8,19,32.6
2022,8,21,33.1
2022,8,20,33.4
2022,8,22,33.2
2022,8,23,33.3
2022,8,24,32.8
2022,8,25,34.7
2022,8,26,33.5
2022,8,27,34
2022,8,28,32.7
2022,8,29,32.7
2022,8,31,33.4
2022,8,32,34
2022,8,30,34.7
2022,8,33,34.3
2022,8,34,34
2022,8,35,31.7
2023,8,5,31.1
2023,8,1,31.8
2023,8,2,32.1
2023,8,3,33.1
2023,8,4,32.6
2023,8,6,31.3
2023,8,7,33.9
2023,8,9,31
2023,8,8,31.6
2023,8,10,32.7
2023,8,11,33.4
2023,8,12,33.2
2023,8,13,31.8
2023,8,14,30.9
2023,8,15,34.1
2023,8,16,33.5
2023,8,17,31.7
2023,8,18,32.7
2023,8,19,31.3
2023,8,21,31.5
2023,8,20,32.4
2023,8,22,33
2023,8,23,32.7
2023,8,24,31.9
2023,8,25,34
2023,8,26,30.6
2023,8,27,33.4
2023,8,28,31.2
2023,8,29,32.8
2023,8,31,31.5
2023,8,32,32.9
2023,8,30,34
2023,8,33,32
2023,8,34,33.2
2023,8,35,33.2
2024,8,1,32.34513956
2024,8,2,32.42342876
2024,8,3,32.65259146
2024,8,4,32.62305214
2024,8,5,32.01080179
2024,8,6,32.02275124
2024,8,7,33.0478177
2024,8,8,32.25433589
2024,8,9,31.20997138
2024,8,10,32.46217914
2024,8,11,32.85516849
2024,8,12,32.76816369
2024,8,13,32.08592224
2024,8,14,30.98892136
2024,8,15,32.87191343
2024,8,16,33.0641789
2024,8,17,31.63817783
2024,8,18,32.6098772
2024,8,19,31.17440742
2024,8,20,32.47131348
2024,8,21,32.55908206
2024,8,22,32.37943307
2024,8,23,32.31010608
2024,8,25,33.18511356
2024,8,26,32.57500788
2024,8,27,32.51233544
2024,8,28,31.143182
2024,8,29,32.53010363
2024,8,30,33.0736236
2024,8,31,32.26518657
2024,8,32,32.40096682
2024,8,33,32.28956863
2024,8,34,32.81369276
2024,8,35,30.69431809
2025,8,1,32.36973356
2025,8,2,32.4413538
2025,8,3,32.67533228
2025,8,4,32.66274804
2025,8,5,32.00672234
2025,8,6,32.01309206
2025,8,7,33.07339823
2025,8,8,32.27031706
2025,8,9,31.24455281
2025,8,10,32.48105985
2025,8,11,32.88911216
2025,8,12,32.8065116
2025,8,13,32.1008992
2025,8,14,31.00583405
2025,8,15,32.90575902
2025,8,16,33.10281711
2025,8,17,31.67623988
2025,8,18,32.63374817
2025,8,19,31.20778183
2025,8,20,32.48231474
2025,8,21,32.61824321
2025,8,22,32.38828937
2025,8,23,32.33048263
2025,8,25,33.22741441
2025,8,26,32.5993244
2025,8,27,32.53241873
2025,8,28,31.19319417
2025,8,29,32.52674968
2025,8,30,33.10002178
2025,8,31,32.30095531
2025,8,32,32.42102513
2025,8,33,32.30555966
2025,8,34,32.85755633
2025,8,35,30.7041966
2026,8,1,32.39432756
2026,8,2,32.45927883
2026,8,3,32.69807311
2026,8,4,32.70244394
2026,8,5,32.00264289
2026,8,6,32.00343288
2026,8,7,33.09897875
2026,8,8,32.28629824
2026,8,9,31.27913424
2026,8,10,32.49994055
2026,8,11,32.92305583
2026,8,12,32.84485952
2026,8,13,32.11587616
2026,8,14,31.02274674
2026,8,15,32.9396046
2026,8,16,33.14145533
2026,8,17,31.71430193
2026,8,18,32.65761913
2026,8,19,31.24115623
2026,8,20,32.49331599
2026,8,21,32.67740435
2026,8,22,32.39714568
2026,8,23,32.35085918
2026,8,25,33.26971525
2026,8,26,32.62364092
2026,8,27,32.55250202
2026,8,28,31.24320634
2026,8,29,32.52339573
2026,8,30,33.12641997
2026,8,31,32.33672406
2026,8,32,32.44108343
2026,8,33,32.32155069
2026,8,34,32.90141991
2026,8,35,30.71407511
2027,8,1,32.41892157
2027,8,2,32.47720387
2027,8,3,32.72081394
2027,8,4,32.74213984
2027,8,5,31.99856344
2027,8,6,31.99377369
2027,8,7,33.12455927
2027,8,8,32.30227941
2027,8,9,31.31371568
2027,8,10,32.51882125
2027,8,11,32.95699949
2027,8,12,32.88320743
2027,8,13,32.13085312
2027,8,14,31.03965943
2027,8,15,32.97345019
2027,8,16,33.18009354
2027,8,17,31.75236399
2027,8,18,32.6814901
2027,8,19,31.27453064
2027,8,20,32.50431725
2027,8,21,32.73656549
2027,8,22,32.40600198
2027,8,23,32.37123573
2027,8,25,33.3120161
2027,8,26,32.64795744
2027,8,27,32.57258532
2027,8,28,31.29321852
2027,8,29,32.52004177
2027,8,30,33.15281816
2027,8,31,32.37249281
2027,8,32,32.46114174
2027,8,33,32.33754172
2027,8,34,32.94528348
2027,8,35,30.72395362
2018,9,5,33.1
2018,9,1,33.5
2018,9,2,33.6
2018,9,3,33.6
2018,9,4,33.9
2018,9,6,33
2018,9,7,34.2
2018,9,9,32.2
2018,9,8,32.7
2018,9,10,34.1
2018,9,11,33.3
2018,9,12,33.7
2018,9,13,33.4
2018,9,14,32.4
2018,9,15,34.2
2018,9,16,34.6
2018,9,17,33.6
2018,9,18,34.2
2018,9,19,32.5
2018,9,21,33.3
2018,9,20,33.8
2018,9,22,33.1
2018,9,23,32.7
2018,9,24,33.5
2018,9,25,34.3
2018,9,26,33
2018,9,27,32.9
2018,9,28,32.4
2018,9,29,33.8
2018,9,31,33.2
2018,9,32,33.4
2018,9,30,33.4
2018,9,33,32.9
2018,9,34,33.5
2018,9,35,33.6
2019,9,5,32.1
2019,9,1,32.3
2019,9,2,32.1
2019,9,3,32.3
2019,9,4,33.3
2019,9,6,32.4
2019,9,7,32.9
2019,9,9,32.4
2019,9,8,31.4
2019,9,10,33.3
2019,9,11,31.9
2019,9,12,31.1
2019,9,13,32.7
2019,9,14,31.8
2019,9,15,32.6
2019,9,16,32.7
2019,9,17,31.8
2019,9,18,31.9
2019,9,19,31.7
2019,9,21,32.4
2019,9,20,32.5
2019,9,22,32.5
2019,9,23,32.6
2019,9,24,32.7
2019,9,25,33.4
2019,9,26,33.1
2019,9,27,31.5
2019,9,28,31.6
2019,9,29,31.7
2019,9,31,32.6
2019,9,32,33.3
2019,9,30,31.9
2019,9,33,33.2
2019,9,34,33.3
2019,9,35,33.4
2020,9,5,32.4
2020,9,1,33.1
2020,9,2,32.9
2020,9,3,32.6
2020,9,4,33.4
2020,9,6,32.8
2020,9,7,34
2020,9,9,32.4
2020,9,8,32.6
2020,9,10,33.5
2020,9,11,31.8
2020,9,12,33.1
2020,9,13,32.9
2020,9,14,31.8
2020,9,15,33.5
2020,9,16,34
2020,9,17,32.8
2020,9,18,33.4
2020,9,19,32.5
2020,9,21,32.8
2020,9,20,32.8
2020,9,22,33.1
2020,9,23,32.1
2020,9,24,33
2020,9,25,34
2020,9,26,33
2020,9,27,31.4
2020,9,28,32.7
2020,9,29,33.1
2020,9,31,31.8
2020,9,32,33
2020,9,30,31.9
2020,9,33,31.9
2020,9,34,33.6
2020,9,35,33.6
2021,9,5,32.7
2021,9,1,32.7
2021,9,2,32.8
2021,9,3,33.6
2021,9,4,33.4
2021,9,6,31.9
2021,9,7,33.4
2021,9,9,32.2
2021,9,8,33.6
2021,9,10,33.8
2021,9,11,33.9
2021,9,12,33
2021,9,13,34.3
2021,9,14,31.9
2021,9,15,33.4
2021,9,16,33.3
2021,9,17,33.9
2021,9,18,32.7
2021,9,19,32.4
2021,9,21,33.1
2021,9,20,32.5
2021,9,22,32.7
2021,9,23,33.6
2021,9,24,32.1
2021,9,25,34.1
2021,9,26,33.5
2021,9,27,33.7
2021,9,28,32.9
2021,9,29,31.7
2021,9,31,33.6
2021,9,32,34.3
2021,9,30,34
2021,9,33,34.5
2021,9,34,33.6
2021,9,35,31.7
2022,9,5,32.4
2022,9,1,32.8
2022,9,2,33
2022,9,3,32.8
2022,9,4,33.1
2022,9,6,32.5
2022,9,7,33.7
2022,9,9,32.1
2022,9,8,32.8
2022,9,10,32.8
2022,9,11,32.8
2022,9,12,32.8
2022,9,13,32.6
2022,9,14,32.3
2022,9,15,33.7
2022,9,16,33.7
2022,9,17,32.5
2022,9,18,33.2
2022,9,19,32.4
2022,9,21,32.6
2022,9,20,32.9
2022,9,22,33.2
2022,9,23,32.3
2022,9,24,32.8
2022,9,25,34
2022,9,26,32.8
2022,9,27,32.8
2022,9,28,32.5
2022,9,29,32.7
2022,9,31,33
2022,9,32,33.6
2022,9,30,33.7
2022,9,33,33.2
2022,9,34,33
2022,9,35,31.5
2023,9,5,33
2023,9,1,32.9
2023,9,2,33
2023,9,3,34
2023,9,4,33.7
2023,9,6,33.1
2023,9,7,34.1
2023,9,9,32.5
2023,9,8,33.5
2023,9,10,34
2023,9,11,33.4
2023,9,12,33.6
2023,9,13,33.8
2023,9,14,32.1
2023,9,15,34.3
2023,9,16,33.9
2023,9,17,32.6
2023,9,18,33.2
2023,9,19,32.5
2023,9,21,32.8
2023,9,20,32.9
2023,9,22,33.2
2023,9,23,33.5
2023,9,24,32.6
2023,9,25,34.3
2023,9,26,33.6
2023,9,27,34.1
2023,9,28,33.1
2023,9,29,33.1
2023,9,31,34.4
2023,9,32,34.9
2023,9,30,34.3
2023,9,33,34.4
2023,9,34,34.2
2023,9,35,34.2
2024,9,1,32.5347324
2024,9,2,32.58874739
2024,9,3,32.82483827
2024,9,4,32.7610099
2024,9,5,32.34749824
2024,9,6,32.32206398
2024,9,7,33.35508581
2024,9,8,32.4774926
2024,9,9,32.40051074
2024,9,10,32.60841177
2024,9,11,32.94599278
2024,9,12,32.91622819
2024,9,13,32.4991272
2024,9,14,32.47683623
2024,9,15,33.05566676
2024,9,16,33.31388767
2024,9,17,32.70830212
2024,9,18,32.81565238
2024,9,19,32.36399579
2024,9,20,32.61180892
2024,9,21,32.68554608
2024,9,22,32.59283556
2024,9,23,32.55504651
2024,9,25,33.26532893
2024,9,26,32.67529662
2024,9,27,32.6230886
2024,9,28,32.55595985
2024,9,29,32.80506841
2024,9,30,32.9170953
2024,9,31,32.68345103
2024,9,32,32.59638127
2024,9,33,32.6989159
2024,9,34,32.98485974
2024,9,35,32.19968823
2025,9,1,32.5660749
2025,9,2,32.61228902
2025,9,3,32.87463353
2025,9,4,32.8112014
2025,9,5,32.35679134
2025,9,6,32.3229252
2025,9,7,33.40645785
2025,9,8,32.51123083
2025,9,9,32.4327603
2025,9,10,32.63827528
2025,9,11,33.01568313
2025,9,12,32.97213906
2025,9,13,32.52468717
2025,9,14,32.51639366
2025,9,15,33.10792599
2025,9,16,33.36095159
2025,9,17,32.75114195
2025,9,18,32.84822076
2025,9,19,32.39340806
2025,9,20,32.62577734
2025,9,21,32.7459087
2025,9,22,32.60978183
2025,9,23,32.6107063
2025,9,25,33.31814992
2025,9,26,32.7099475
2025,9,27,32.67894147
2025,9,28,32.61417905
2025,9,29,32.81695993
2025,9,30,32.95320683
2025,9,31,32.73136852
2025,9,32,32.64685063
2025,9,33,32.75874274
2025,9,34,33.04980244
2025,9,35,32.21136228
2026,9,1,32.5974174
2026,9,2,32.63583066
2026,9,3,32.92442879
2026,9,4,32.86139289
2026,9,5,32.36608444
2026,9,6,32.32378642
2026,9,7,33.45782989
2026,9,8,32.54496905
2026,9,9,32.46500985
2026,9,10,32.66813879
2026,9,11,33.08537348
2026,9,12,33.02804994
2026,9,13,32.55024714
2026,9,14,32.55595108
2026,9,15,33.16018522
2026,9,16,33.40801551
2026,9,17,32.79398177
2026,9,18,32.88078913
2026,9,19,32.42282034
2026,9,20,32.63974577
2026,9,21,32.80627132
2026,9,22,32.6267281
2026,9,23,32.6663661
2026,9,25,33.3709709
2026,9,26,32.74459838
2026,9,27,32.73479433
2026,9,28,32.67239825
2026,9,29,32.82885145
2026,9,30,32.98931837
2026,9,31,32.77928601
2026,9,32,32.69732
2026,9,33,32.81856958
2026,9,34,33.11474514
2026,9,35,32.22303633
2027,9,1,32.6287599
2027,9,2,32.65937229
2027,9,3,32.97422406
2027,9,4,32.91158439
2027,9,5,32.37537754
2027,9,6,32.32464763
2027,9,7,33.50920193
2027,9,8,32.57870727
2027,9,9,32.49725941
2027,9,10,32.6980023
2027,9,11,33.15506382
2027,9,12,33.08396081
2027,9,13,32.57580711
2027,9,14,32.5955085
2027,9,15,33.21244446
2027,9,16,33.45507942
2027,9,17,32.8368216
2027,9,18,32.9133575
2027,9,19,32.45223261
2027,9,20,32.65371419
2027,9,21,32.86663394
2027,9,22,32.64367437
2027,9,23,32.72202589
2027,9,25,33.42379188
2027,9,26,32.77924926
2027,9,27,32.7906472
2027,9,28,32.73061745
2027,9,29,32.84074297
2027,9,30,33.0254299
2027,9,31,32.82720351
2027,9,32,32.74778937
2027,9,33,32.87839642
2027,9,34,33.17968785
2027,9,35,32.23471038
2018,10,5,30.8
2018,10,1,31.6
2018,10,2,32.1
2018,10,3,31.6
2018,10,4,32.1
2018,10,6,30.6
2018,10,7,32.6
2018,10,9,30.4
2018,10,8,30.9
2018,10,10,31.9
2018,10,11,31.3
2018,10,12,31.4
2018,10,13,31.1
2018,10,14,31.2
2018,10,15,32
2018,10,16,33
2018,10,17,34
2018,10,18,32.6
2018,10,19,32.7
2018,10,21,31.4
2018,10,20,32.3
2018,10,22,32.4
2018,10,23,30.9
2018,10,24,31.5
2018,10,25,32.1
2018,10,26,30.3
2018,10,27,30.8
2018,10,28,30.7
2018,10,29,32.4
2018,10,31,31.2
2018,10,32,31.2
2018,10,30,31.4
2018,10,33,31.5
2018,10,34,31.4
2018,10,35,31.5
2019,10,5,32.1
2019,10,1,32.1
2019,10,2,32
2019,10,3,31.4
2019,10,4,32.5
2019,10,6,32.6
2019,10,7,31.7
2019,10,9,31.5
2019,10,8,32.4
2019,10,10,32
2019,10,11,30.7
2019,10,12,30.8
2019,10,13,30.9
2019,10,14,30.1
2019,10,15,30.11
2019,10,16,30.12
2019,10,17,31.8
2019,10,18,31.9
2019,10,19,32
2019,10,21,31.8
2019,10,20,31.9
2019,10,22,32.1
2019,10,23,32.2
2019,10,24,32.3
2019,10,25,31.3
2019,10,26,32.3
2019,10,27,30.6
2019,10,28,30.7
2019,10,29,30.8
2019,10,31,30.9
2019,10,32,30.1
2019,10,30,31
2019,10,33,31.5
2019,10,34,31.6
2019,10,35,31.7
2020,10,5,33.4
2020,10,1,32.8
2020,10,2,33
2020,10,3,33
2020,10,4,33.5
2020,10,6,33
2020,10,7,33.4
2020,10,9,32.7
2020,10,8,33
2020,10,10,33.1
2020,10,11,33.6
2020,10,12,33.3
2020,10,13,33
2020,10,14,32.3
2020,10,15,33.2
2020,10,16,33.5
2020,10,17,32.7
2020,10,18,32.9
2020,10,19,32.8
2020,10,21,32.7
2020,10,20,32.7
2020,10,22,32.7
2020,10,23,32.8
2020,10,24,32.4
2020,10,25,33.6
2020,10,26,33.6
2020,10,27,33.1
2020,10,28,33.3
2020,10,29,33
2020,10,31,32.6
2020,10,32,33.2
2020,10,30,33.7
2020,10,33,32.6
2020,10,34,33
2020,10,35,33
2021,10,5,33.4
2021,10,1,33.4
2021,10,2,33.4
2021,10,3,33.2
2021,10,4,33.7
2021,10,6,32.2
2021,10,7,33.1
2021,10,9,32.5
2021,10,8,32.9
2021,10,10,34.1
2021,10,11,32.2
2021,10,12,33.2
2021,10,13,33.8
2021,10,14,32.9
2021,10,15,33
2021,10,16,33.7
2021,10,17,32.9
2021,10,18,32.7
2021,10,19,32.9
2021,10,21,33.1
2021,10,20,32.6
2021,10,22,32.8
2021,10,23,33.1
2021,10,24,32.9
2021,10,25,33.1
2021,10,26,33
2021,10,27,32.3
2021,10,28,33.4
2021,10,29,32.3
2021,10,31,33.7
2021,10,32,33.4
2021,10,30,32.9
2021,10,33,33.5
2021,10,34,33.2
2021,10,35,32.5
2022,10,5,32.8
2022,10,1,32.4
2022,10,2,32.7
2022,10,3,32.6
2022,10,4,33.1
2022,10,6,32.9
2022,10,7,32.7
2022,10,9,33.4
2022,10,8,32.8
2022,10,10,32.7
2022,10,11,32.5
2022,10,12,32.9
2022,10,13,32.8
2022,10,14,32.1
2022,10,15,32.6
2022,10,16,32.8
2022,10,17,32.4
2022,10,18,32.6
2022,10,19,32.7
2022,10,21,31.8
2022,10,20,31.5
2022,10,22,32.2
2022,10,23,32.1
2022,10,24,33.2
2022,10,25,33
2022,10,26,32.8
2022,10,27,32
2022,10,28,33.2
2022,10,29,32
2022,10,31,33
2022,10,32,32.2
2022,10,30,33.2
2022,10,33,32.1
2022,10,34,32.4
2022,10,35,32.4
2023,10,5,32.3
2023,10,1,32.4
2023,10,2,32.8
2023,10,3,32.3
2023,10,4,32.8
2023,10,6,32.3
2023,10,7,32.9
2023,10,9,32.6
2023,10,8,32.3
2023,10,10,32.8
2023,10,11,31.7
2023,10,12,33
2023,10,13,32.7
2023,10,14,31.5
2023,10,15,32.3
2023,10,16,33.2
2023,10,17,32.4
2023,10,18,33.1
2023,10,19,33.1
2023,10,21,31.7
2023,10,20,32.1
2023,10,22,33.1
2023,10,23,31.6
2023,10,24,32.6
2023,10,25,32.4
2023,10,26,32
2023,10,27,31.8
2023,10,28,32.4
2023,10,29,32.6
2023,10,31,33.5
2023,10,32,32.4
2023,10,30,32.6
2023,10,33,31.8
2023,10,34,32.7
2023,10,35,32.7
2024,10,1,32.21528815
2024,10,2,32.3109669
2024,10,3,32.35608708
2024,10,4,32.52609035
2024,10,5,32.30364565
2024,10,6,32.25351936
2024,10,7,32.8640607
2024,10,8,32.1396141
2024,10,9,32.34076684
2024,10,10,32.34157427
2024,10,11,32.00337351
2024,10,12,32.49193055
2024,10,13,32.2901804
2024,10,14,32.34710798
2024,10,15,32.58536982
2024,10,16,33.14373688
2024,10,17,32.50696022
2024,10,18,32.53766584
2024,10,19,32.31959798
2024,10,20,32.40047073
2024,10,21,32.27906557
2024,10,22,32.30439976
2024,10,23,32.00162213
2024,10,25,32.52952833
2024,10,26,32.34044327
2024,10,27,31.84120586
2024,10,28,32.46635996
2024,10,29,32.43634615
2024,10,30,32.02207854
2024,10,31,32.61903595
2024,10,32,32.31236766
2024,10,33,32.33988912
2024,10,34,32.57754291
2024,10,35,32.20884465
2025,10,1,32.23130579
2025,10,2,32.31937588
2025,10,3,32.37982991
2025,10,4,32.5675581
2025,10,5,32.3156696
2025,10,6,32.2503734
2025,10,7,32.88964437
2025,10,8,32.15363367
2025,10,9,32.36599743
2025,10,10,32.35142173
2025,10,11,32.04171354
2025,10,12,32.52176125
2025,10,13,32.29807512
2025,10,14,32.38384176
2025,10,15,32.61566579
2025,10,16,33.17446509
2025,10,17,32.53075331
2025,10,18,32.55772154
2025,10,19,32.34818518
2025,10,20,32.3998507
2025,10,21,32.30476113
2025,10,22,32.30957386
2025,10,23,32.02722059
2025,10,25,32.55454398
2025,10,26,32.35939544
2025,10,27,31.87179163
2025,10,28,32.51754161
2025,10,29,32.4188987
2025,10,30,32.03573733
2025,10,31,32.65779443
2025,10,32,32.34786287
2025,10,33,32.3913379
2025,10,34,32.61188186
2025,10,35,32.21676007
2026,10,1,32.24732343
2026,10,2,32.32778486
2026,10,3,32.40357273
2026,10,4,32.60902586
2026,10,5,32.32769355
2026,10,6,32.24722743
2026,10,7,32.91522805
2026,10,8,32.16765324
2026,10,9,32.39122801
2026,10,10,32.36126918
2026,10,11,32.08005356
2026,10,12,32.55159195
2026,10,13,32.30596985
2026,10,14,32.42057554
2026,10,15,32.64596175
2026,10,16,33.2051933
2026,10,17,32.55454641
2026,10,18,32.57777723
2026,10,19,32.37677238
2026,10,20,32.39923068
2026,10,21,32.33045669
2026,10,22,32.31474797
2026,10,23,32.05281905
2026,10,25,32.57955963
2026,10,26,32.3783476
2026,10,27,31.90237741
2026,10,28,32.56872325
2026,10,29,32.40145126
2026,10,30,32.04939612
2026,10,31,32.6965529
2026,10,32,32.38335808
2026,10,33,32.44278668
2026,10,34,32.6462208
2026,10,35,32.2246755
2027,10,1,32.26334108
2027,10,2,32.33619384
2027,10,3,32.42731555
2027,10,4,32.65049361
2027,10,5,32.33971751
2027,10,6,32.24408147
2027,10,7,32.94081173
2027,10,8,32.1816728
2027,10,9,32.4164586
2027,10,10,32.37111664
2027,10,11,32.11839359
2027,10,12,32.58142265
2027,10,13,32.31386457
2027,10,14,32.45730931
2027,10,15,32.67625772
2027,10,16,33.23592151
2027,10,17,32.5783395
2027,10,18,32.59783292
2027,10,19,32.40535958
2027,10,20,32.39861065
2027,10,21,32.35615225
2027,10,22,32.31992207
2027,10,23,32.07841752
2027,10,25,32.60457528
2027,10,26,32.39729977
2027,10,27,31.93296318
2027,10,28,32.6199049
2027,10,29,32.38400381
2027,10,30,32.06305491
2027,10,31,32.73531137
2027,10,32,32.41885328
2027,10,33,32.49423546
2027,10,34,32.68055975
2027,10,35,32.23259092
2018,11,5,30.1
2018,11,1,30.3
2018,11,2,31.2
2018,11,3,30.4
2018,11,4,30.6
2018,11,6,30.4
2018,11,7,30.5
2018,11,9,30.6
2018,11,8,29.7
2018,11,10,30.2
2018,11,11,29.6
2018,11,12,29.7
2018,11,13,31.4
2018,11,14,31.5
2018,11,15,29.9
2018,11,16,29.1
2018,11,17,29.11
2018,11,18,29.12
2018,11,19,29.13
2018,11,21,30.5
2018,11,20,30.6
2018,11,22,30.7
2018,11,23,29.3
2018,11,24,30.3
2018,11,25,30
2018,11,26,29.4
2018,11,27,29.2
2018,11,28,29.3
2018,11,29,30.4
2018,11,31,30.7
2018,11,32,29.7
2018,11,30,29.7
2018,11,33,29.8
2018,11,34,29.9
2018,11,35,29.1
2019,11,5,31.2
2019,11,1,31.3
2019,11,2,30.2
2019,11,3,30.7
2019,11,4,30.8
2019,11,6,30.9
2019,11,7,29.8
2019,11,9,29.9
2019,11,8,31.3
2019,11,10,30.3
2019,11,11,29.9
2019,11,12,29.1
2019,11,13,29.11
2019,11,14,29.12
2019,11,15,29.13
2019,11,16,29.14
2019,11,17,30.1
2019,11,18,30.2
2019,11,19,30.7
2019,11,21,30.8
2019,11,20,30.9
2019,11,22,29.7
2019,11,23,29.8
2019,11,24,29.9
2019,11,25,29.9
2019,11,26,30.4
2019,11,27,29.9
2019,11,28,29.1
2019,11,29,29.11
2019,11,31,29.12
2019,11,32,29.13
2019,11,30,30.2
2019,11,33,30.1
2019,11,34,30.2
2019,11,35,30.3
2020,11,5,31.6
2020,11,1,30.5
2020,11,2,30.6
2020,11,3,30.5
2020,11,4,31
2020,11,6,31
2020,11,7,30.1
2020,11,9,31.2
2020,11,8,30.5
2020,11,10,30.7
2020,11,11,29.7
2020,11,12,30.5
2020,11,13,30.8
2020,11,14,30.1
2020,11,15,29.9
2020,11,16,30.6
2020,11,17,29.6
2020,11,18,30.5
2020,11,19,30.6
2020,11,21,30.1
2020,11,20,30.2
2020,11,22,30.2
2020,11,23,30.1
2020,11,24,29.8
2020,11,25,30.2
2020,11,26,30.2
2020,11,27,29.4
2020,11,28,31
2020,11,29,33
2020,11,31,31.7
2020,11,32,30.6
2020,11,30,29.6
2020,11,33,30.3
2020,11,34,30.4
2020,11,35,30.5
2021,11,5,30.5
2021,11,1,30.5
2021,11,2,30.2
2021,11,3,30
2021,11,4,30.4
2021,11,6,32.2
2021,11,7,28.7
2021,11,9,31.8
2021,11,8,29.9
2021,11,10,29.1
2021,11,11,29.5
2021,11,12,29.2
2021,11,13,30.9
2021,11,14,30.8
2021,11,15,28.9
2021,11,16,29.8
2021,11,17,30
2021,11,18,32.2
2021,11,19,31.3
2021,11,21,29.7
2021,11,20,29.2
2021,11,22,29.9
2021,11,23,29.1
2021,11,24,30
2021,11,25,29.4
2021,11,26,30.3
2021,11,27,29.5
2021,11,28,31.3
2021,11,29,29
2021,11,31,31.8
2021,11,32,30.2
2021,11,30,29.9
2021,11,33,30.4
2021,11,34,29.6
2021,11,35,29.7
2022,11,5,31.9
2022,11,1,30.9
2022,11,2,31.1
2022,11,3,31
2022,11,4,31.3
2022,11,6,31.4
2022,11,7,30
2022,11,9,32.2
2022,11,8,31.7
2022,11,10,31
2022,11,11,30.2
2022,11,12,30.5
2022,11,13,31.7
2022,11,14,30.4
2022,11,15,30.2
2022,11,16,30.9
2022,11,17,32.5
2022,11,18,30.6
2022,11,19,31.5
2022,11,21,30.6
2022,11,20,29.6
2022,11,22,30.2
2022,11,23,30.4
2022,11,24,30.5
2022,11,25,30.3
2022,11,26,31.3
2022,11,27,30
2022,11,28,31.9
2022,11,29,30
2022,11,31,32.1
2022,11,32,31.6
2022,11,30,30.6
2022,11,33,31.3
2022,11,34,30.5
2022,11,35,31.5
2023,11,5,32.65
2023,11,1,32.65
2023,11,2,32.9
2023,11,3,33.15
2023,11,4,33.25
2023,11,6,32.7
2023,11,7,33.5
2023,11,9,32.55
2023,11,8,32.9
2023,11,10,33.4
2023,11,11,32.55
2023,11,12,33.3
2023,11,13,33.25
2023,11,14,31.8
2023,11,15,33.3
2023,11,16,33.55
2023,11,17,32.5
2023,11,18,33.15
2023,11,19,32.8
2023,11,21,32.25
2023,11,20,32.5
2023,11,22,33.15
2023,11,23,32.55
2023,11,24,32.6
2023,11,25,33.35
2023,11,26,32.8
2023,11,27,32.95
2023,11,28,32.75
2023,11,29,32.85
2023,11,31,33.95
2023,11,32,33.65
2023,11,30,33.45
2023,11,33,33.1
2023,11,34,33.45
2023,11,35,33.45
2024,11,1,31.15255043
2024,11,2,31.11732939
2024,11,3,30.83751828
2024,11,4,31.49661833
2024,11,5,31.84208866
2024,11,6,31.78059735
2024,11,7,30.95433642
2024,11,8,30.52400582
2024,11,9,32.15054999
2024,11,10,31.36601555
2024,11,11,30.21303576
2024,11,12,30.98750767
2024,11,13,31.65841248
2024,11,14,31.67864801
2024,11,15,30.65188305
2024,11,16,31.98022155
2024,11,17,31.60671984
2024,11,18,31.04194994
2024,11,19,31.67909101
2024,11,20,31.42685688
2024,11,21,31.11971282
2024,11,22,30.7212513
2024,11,23,30.49426725
2024,11,25,30.67727421
2024,11,26,31.83743134
2024,11,27,30.23474889
2024,11,28,31.66841696
2024,11,29,30.82062926
2024,11,30,30.46111993
2024,11,31,32.02432004
2024,11,32,31.09818996
2024,11,33,31.50991331
2024,11,34,31.25752273
2024,11,35,32.01940572
2025,11,1,31.17171467
2025,11,2,31.12356112
2025,11,3,30.8422211
2025,11,4,31.54416964
2025,11,5,31.87004639
2025,11,6,31.78655202
2025,11,7,30.97036545
2025,11,8,30.5218184
2025,11,9,32.18774327
2025,11,10,31.36278866
2025,11,11,30.23893034
2025,11,12,31.01796603
2025,11,13,31.66386957
2025,11,14,31.7285049
2025,11,15,30.66116393
2025,11,16,32.0096486
2025,11,17,31.63091337
2025,11,18,31.06141875
2025,11,19,31.70639277
2025,11,20,31.43096027
2025,11,21,31.13143882
2025,11,22,30.72758387
2025,11,23,30.49756035
2025,11,25,30.69969896
2025,11,26,31.87477435
2025,11,27,30.25935292
2025,11,28,31.72452188
2025,11,29,30.79224831
2025,11,30,30.47395721
2025,11,31,32.0712057
2025,11,32,31.13807435
2025,11,33,31.54569737
2025,11,34,31.27550062
2025,11,35,32.04256793
2026,11,1,31.19087892
2026,11,2,31.12979285
2026,11,3,30.84692393
2026,11,4,31.59172095
2026,11,5,31.89800412
2026,11,6,31.7925067
2026,11,7,30.98639448
2026,11,8,30.51963098
2026,11,9,32.22493655
2026,11,10,31.35956177
2026,11,11,30.26482491
2026,11,12,31.0484244
2026,11,13,31.66932666
2026,11,14,31.77836179
2026,11,15,30.67044481
2026,11,16,32.03907564
2026,11,17,31.65510691
2026,11,18,31.08088756
2026,11,19,31.73369452
2026,11,20,31.43506366
2026,11,21,31.14316482
2026,11,22,30.73391644
2026,11,23,30.50085345
2026,11,25,30.72212372
2026,11,26,31.91211736
2026,11,27,30.28395694
2026,11,28,31.78062679
2026,11,29,30.76386736
2026,11,30,30.48679449
2026,11,31,32.11809137
2026,11,32,31.17795875
2026,11,33,31.58148143
2026,11,34,31.29347852
2026,11,35,32.06573014
2027,11,1,31.21004317
2027,11,2,31.13602458
2027,11,3,30.85162676
2027,11,4,31.63927226
2027,11,5,31.92596184
2027,11,6,31.79846137
2027,11,7,31.00242351
2027,11,8,30.51744356
2027,11,9,32.26212983
2027,11,10,31.35633488
2027,11,11,30.29071949
2027,11,12,31.07888276
2027,11,13,31.67478375
2027,11,14,31.82821867
2027,11,15,30.67972568
2027,11,16,32.06850268
2027,11,17,31.67930044
2027,11,18,31.10035636
2027,11,19,31.76099628
2027,11,20,31.43916704
2027,11,21,31.15489082
2027,11,22,30.74024901
2027,11,23,30.50414655
2027,11,25,30.74454847
2027,11,26,31.94946037
2027,11,27,30.30856096
2027,11,28,31.8367317
2027,11,29,30.73548641
2027,11,30,30.49963177
2027,11,31,32.16497703
2027,11,32,31.21784314
2027,11,33,31.61726548
2027,11,34,31.31145642
2027,11,35,32.08889235
2018,12,5,26
2018,12,1,26
2018,12,2,25
2018,12,3,26.1
2018,12,4,26.1
2018,12,6,26.7
2018,12,7,25.2
2018,12,9,28.3
2018,12,8,25.8
2018,12,10,26
2018,12,11,25.5
2018,12,12,25.5
2018,12,13,25.5
2018,12,14,27.1
2018,12,15,27.1
2018,12,16,26
2018,12,17,25.8
2018,12,18,25.9
2018,12,19,25.1
2018,12,21,25.8
2018,12,20,25.9
2018,12,22,25.1
2018,12,23,26.3
2018,12,24,25.8
2018,12,25,25.2
2018,12,26,28.3
2018,12,27,25.6
2018,12,28,25.7
2018,12,29,25.5
2018,12,31,27.8
2018,12,32,26.6
2018,12,30,26
2018,12,33,27
2018,12,34,28
2018,12,35,29
2019,12,5,27.5
2019,12,1,27.6
2019,12,2,25.6
2019,12,3,24.8
2019,12,4,24.9
2019,12,6,24.1
2019,12,7,24.4
2019,12,9,24.5
2019,12,8,27.6
2019,12,10,24.7
2019,12,11,24.8
2019,12,12,24.9
2019,12,13,24.1
2019,12,14,24.11
2019,12,15,24.12
2019,12,16,24.13
2019,12,17,26.4
2019,12,18,26.5
2019,12,19,27.1
2019,12,21,27.2
2019,12,20,27.3
2019,12,22,27.4
2019,12,23,27.5
2019,12,24,27.6
2019,12,25,24.4
2019,12,26,26.1
2019,12,27,26.2
2019,12,28,26.3
2019,12,29,26.4
2019,12,31,26.5
2019,12,32,26.6
2019,12,30,23.9
2019,12,33,26.1
2019,12,34,26.2
2019,12,35,26.3
2020,12,5,28
2020,12,1,26.6
2020,12,2,26.4
2020,12,3,24.8
2020,12,4,26.3
2020,12,6,27.3
2020,12,7,25
2020,12,9,28
2020,12,8,26.4
2020,12,10,25
2020,12,11,24.9
2020,12,12,25.2
2020,12,13,25.3
2020,12,14,26.3
2020,12,15,25
2020,12,16,26.5
2020,12,17,25.7
2020,12,18,25.9
2020,12,19,27.2
2020,12,21,26
2020,12,20,26.1
2020,12,22,26
2020,12,23,24.7
2020,12,24,26.4
2020,12,25,25.1
2020,12,26,26.8
2020,12,27,25.1
2020,12,28,27.1
2020,12,29,25.7
2020,12,31,28.2
2020,12,32,26.3
2020,12,30,25.7
2020,12,33,26.6
2020,12,34,24.9
2020,12,35,24.1
2021,12,5,26.7
2021,12,1,26.7
2021,12,2,27.2
2021,12,3,26.7
2021,12,4,26.5
2021,12,6,30.6
2021,12,7,30.7
2021,12,9,30.8
2021,12,8,26.8
2021,12,10,26.9
2021,12,11,26.5
2021,12,12,25.6
2021,12,13,27.4
2021,12,14,27.5
2021,12,15,27.6
2021,12,16,27.7
2021,12,17,26.9
2021,12,18,33
2021,12,19,33.1
2021,12,21,25.8
2021,12,20,25.2
2021,12,22,25.3
2021,12,23,25.4
2021,12,24,26.3
2021,12,25,26.3
2021,12,26,26.7
2021,12,27,26.8
2021,12,28,27.9
2021,12,29,25.2
2021,12,31,27.7
2021,12,32,25.9
2021,12,30,25.1
2021,12,33,27
2021,12,34,25.9
2021,12,35,25.1
2022,12,5,29
2022,12,1,27.9
2022,12,2,27.9
2022,12,3,26.7
2022,12,4,27.5
2022,12,6,28.5
2022,12,7,26.5
2022,12,9,29.9
2022,12,8,27.9
2022,12,10,27.4
2022,12,11,26.6
2022,12,12,27
2022,12,13,28.3
2022,12,14,27.7
2022,12,15,26.4
2022,12,16,27.8
2022,12,17,28.2
2022,12,18,27.4
2022,12,19,28.9
2022,12,21,27.1
2022,12,20,26.3
2022,12,22,27.7
2022,12,23,26.4
2022,12,24,27.8
2022,12,25,26.7
2022,12,26,28.2
2022,12,27,26.5
2022,12,28,29
2022,12,29,27
2022,12,31,29.2
2022,12,32,28
2022,12,30,27.2
2022,12,33,27.3
2022,12,34,26.5
2022,12,35,30.1
2023,12,5,28.2
2023,12,1,26.3
2023,12,2,26.4
2023,12,3,24.1
2023,12,4,25.2
2023,12,6,27.1
2023,12,7,24.2
2023,12,9,28.2
2023,12,8,26.2
2023,12,10,25.1
2023,12,11,23.5
2023,12,12,24.6
2023,12,13,27.2
2023,12,14,26.8
2023,12,15,24
2023,12,16,25.2
2023,12,17,27.6
2023,12,18,25.4
2023,12,19,27.2
2023,12,21,25.8
2023,12,20,24.1
2023,12,22,26
2023,12,23,24.4
2023,12,24,26.9
2023,12,25,24.2
2023,12,26,27.6
2023,12,27,23.9
2023,12,28,27.8
2023,12,29,25
2023,12,31,28.3
2023,12,32,26.7
2023,12,30,24.3
2023,12,33,26.5
2023,12,34,24.3
2023,12,35,29.3
2024,12,1,29.21491695
2024,12,2,29.12571253
2024,12,3,29.10485967
2024,12,4,29.58091757
2024,12,5,29.89350514
2024,12,6,29.95818894
2024,12,7,28.0116587
2024,12,8,28.87999526
2024,12,9,30.54778519
2024,12,10,29.09182471
2024,12,11,27.56697875
2024,12,12,28.92968009
2024,12,13,29.41396622
2024,12,14,29.77233386
2024,12,15,27.91936851
2024,12,16,29.18382178
2024,12,17,29.50929387
2024,12,18,28.74846385
2024,12,19,29.76287183
2024,12,20,29.23435507
2024,12,21,29.13454845
2024,12,22,28.7090318
2024,12,23,29.24477221
2024,12,25,27.97033344
2024,12,26,30.26108011
2024,12,27,28.72231121
2024,12,28,29.77672255
2024,12,29,28.26377322
2024,12,30,29.20928897
2024,12,31,30.09858059
2024,12,32,29.11682051
2024,12,33,29.86416507
2024,12,34,28.93135518
2024,12,35,30.64721124
2025,12,1,29.20800943
2025,12,2,29.1020392
2025,12,3,29.05880038
2025,12,4,29.59586718
2025,12,5,29.90669029
2025,12,6,29.95394832
2025,12,7,27.98679855
2025,12,8,28.84763074
2025,12,9,30.5673835
2025,12,10,29.05206966
2025,12,11,27.54286037
2025,12,12,28.92358383
2025,12,13,29.39480853
2025,12,14,29.80788771
2025,12,15,27.90434646
2025,12,16,29.17769941
2025,12,17,29.51809005
2025,12,18,28.72498274
2025,12,19,29.77842667
2025,12,20,29.20632136
2025,12,21,29.10503861
2025,12,22,28.68006608
2025,12,23,29.21813824
2025,12,25,27.95902846
2025,12,26,30.29024938
2025,12,27,28.7162948
2025,12,28,29.81176333
2025,12,29,28.19523284
2025,12,30,29.18637514
2025,12,31,30.12385771
2025,12,32,29.14287857
2025,12,33,29.89681398
2025,12,34,28.89739722
2025,12,35,30.65644952
2026,12,1,29.20110192
2026,12,2,29.07836587
2026,12,3,29.01274108
2026,12,4,29.61081678
2026,12,5,29.91987543
2026,12,6,29.94970771
2026,12,7,27.9619384
2026,12,8,28.81526621
2026,12,9,30.58698182
2026,12,10,29.01231462
2026,12,11,27.51874198
2026,12,12,28.91748757
2026,12,13,29.37565084
2026,12,14,29.84344157
2026,12,15,27.8893244
2026,12,16,29.17157703
2026,12,17,29.52688622
2026,12,18,28.70150163
2026,12,19,29.79398152
2026,12,20,29.17828765
2026,12,21,29.07552876
2026,12,22,28.65110036
2026,12,23,29.19150427
2026,12,25,27.94772347
2026,12,26,30.31941865
2026,12,27,28.71027839
2026,12,28,29.84680412
2026,12,29,28.12669246
2026,12,30,29.16346132
2026,12,31,30.14913482
2026,12,32,29.16893663
2026,12,33,29.92946288
2026,12,34,28.86343926
2026,12,35,30.66568779
2027,12,1,29.1941944
2027,12,2,29.05469254
2027,12,3,28.96668179
2027,12,4,29.62576639
2027,12,5,29.93306058
2027,12,6,29.94546709
2027,12,7,27.93707825
2027,12,8,28.78290169
2027,12,9,30.60658013
2027,12,10,28.97255957
2027,12,11,27.49462359
2027,12,12,28.91139132
2027,12,13,29.35649315
2027,12,14,29.87899543
2027,12,15,27.87430235
2027,12,16,29.16545465
2027,12,17,29.5356824
2027,12,18,28.67802052
2027,12,19,29.80953636
2027,12,20,29.15025393
2027,12,21,29.04601892
2027,12,22,28.62213463
2027,12,23,29.16487029
2027,12,25,27.93641849
2027,12,26,30.34858793
2027,12,27,28.70426198
2027,12,28,29.8818449
2027,12,29,28.05815208
2027,12,30,29.1405475
2027,12,31,30.17441193
2027,12,32,29.19499469
2027,12,33,29.96211179
2027,12,34,28.8294813
2027,12,35,30.67492607
